;phoneId;location;motionType;mean(SCL);mean(SCR);mean(HR);mean(RR);mean(skinTemp);mad(SCL);mad(SCR);mad(HR);mad(RR);mad(skinTemp);std(SCL);std(SCR);std(HR);std(RR);std(skinTemp);RMSSD;SDNN;NN50;PNN50;receptivity
1;5a2b02b7b07e944d86d41969;{'lat': 48.14909961605763, 'long': 11.5759786125449};1.0;797.7185572139305;2.0889651741293576;66.91761194029851;0.8977609265671633;30.402776119402983;40.50352054652115;2.5806037513922906;4.204116373357095;0.0944672856850077;0.08091726442414858;48.08551313184413;4.608415435052574;5.005172381263765;0.12409124527327903;0.09026375478001675;0.05698524437238034;0.12405423461129925;0;0.0;1.0
2;5a2b02b7b07e944d86d41969;{'lat': 48.14921149629941, 'long': 11.561930143758659};1.0;3683.7773849607183;60.96463524130189;70.84646464646465;0.7759022545454537;31.275548821548824;1874.4471035079566;79.60117059861616;4.559640852974185;0.15350936683195596;0.47134988039769166;2152.895329062262;171.53505194325214;5.149712389542682;0.1979331339469515;0.5298384268482089;0.09950712162247385;0.19786654519251756;0;0.0;-1.0
3;5a2b02b7b07e944d86d41969;{'lat': 48.14917697291638, 'long': 11.561860877576558};1.0;2850.159164054337;16.99256008359457;67.19373040752352;0.8987974821316608;30.28595611285267;196.8267658009127;16.96201756403075;3.079139552480814;0.08333747081259012;0.09674063737581098;253.4810710284253;33.548884314440116;3.79105608153547;0.10412381424534387;0.12679530557406682;0.050834459312228956;0.10409120106399807;0;0.0;-1.0
4;5a2b02b7b07e944d86d41969;{'lat': 48.14905602593023, 'long': 11.561804220518173};1.0;2191.74976825029;9.11917728852838;71.882966396292;0.8371558006952483;29.80298957126303;122.99553584176212;8.600105625592176;6.134328899296291;0.10798415229420127;0.07124595680002767;148.28885103627314;17.55657149431716;7.197187805245455;0.13777718857905727;0.08644222690219913;0.060027764056818624;0.13769742066101623;0;0.0;1.0
5;5a2b02b7b07e944d86d41969;{'lat': 48.1956865888587, 'long': 11.60878143220989};1.0;5258.323577235772;82.09186991869916;70.93709884467266;0.8367990962772778;30.369537869062903;887.9986756003632;97.56452090965068;1.789200136444307;0.0820671876026833;0.3184378774670792;1094.4371738148207;180.76678843584872;2.2587638053958683;0.10974893870052012;0.3580899763015341;0.06515886647363582;0.10971374715971832;0;0.0;1.0
6;5a2b02b7b07e944d86d41969;{'lat': 48.1491124851857, 'long': 11.561821631558338};1.0;272066.0;0.0;79.06020942408377;0.6752480698080272;20.46130890052356;0.0;0.0;3.1302184698884337;0.13765403477609342;0.18004970623977787;0.0;0.0;3.91111343997879;0.1710416604759923;0.21033023867391049;0.11971561656427415;0.17096709327599796;0;0.0;-1.0
7;5a2b02b7b07e944d86d41969;{'lat': 48.14915276589629, 'long': 11.561875105758647};1.0;272066.0;0.0;82.15119760479043;0.6546015928143705;20.362754491017967;0.0;0.0;3.2951925490336698;0.12079741154218498;0.19182831940908543;0.0;0.0;3.7836092476893346;0.15392216599082387;0.21948742377024386;0.11421907378327063;0.15386460719032244;0;0.0;-1.0
9;5a2b02b7b07e944d86d41969;{'lat': 48.19562753889745, 'long': 11.6088507460605};1.0;4011.3420790878213;23.717552159146045;76.59825327510917;0.7365930247452684;27.58775109170305;239.21691947281846;24.104921809836387;3.7015312446368296;0.07708854220510251;0.013061472257713034;298.6684610023754;52.81447463055222;4.403719196181824;0.0998377886568223;0.015327235929070962;0.05642080412969595;0.09980148728880871;0;0.0;1.0
10;5a2b02b7b07e944d86d41969;{'lat': 48.19571270267564, 'long': 11.609177441166285};1.0;5230.529895320197;50.43876231527092;74.4371921182266;0.7854227783251224;29.63442118226601;749.5658980744498;54.857214822611574;2.0198530660777987;0.0501320260137351;0.5929130014074598;858.7604936999559;111.4622075720208;2.4522040579593956;0.06356798830743529;0.6593432270155618;0.03524003681018055;0.0635484334341007;0;0.0;-1.0
11;5a2b02b7b07e944d86d41969;{'lat': 48.149171801801884, 'long': 11.561890681321579};1.0;1922.1480318257954;18.62567001675042;73.00251256281408;0.6636174673366827;32.00277638190955;112.5075983455805;19.76866540617661;2.0808281356531406;0.20243708522512055;0.1995609801520164;133.5338867458586;33.32489289594405;2.537956976125521;0.2523620965416737;0.21965822316584108;0.1398832973148048;0.25228290387340235;0;0.0;1.0
12;5a2b02b7b07e944d86d41969;{'lat': 48.19543611287825, 'long': 11.60899122744093};1.0;3174.588069216758;15.80138888888889;74.11680327868852;0.7762653333333327;29.846734972677602;193.29442839439815;11.706845780206436;2.2989591731613364;0.07174201275045548;0.17186822538744012;239.304297072817;20.74581013676443;2.8033066403539477;0.09096365667194489;0.20478385512574768;0.05654293592024205;0.09093261559859808;0;0.0;-1.0
13;5a2b02b7b07e944d86d41969;{'lat': 48.149252604163614, 'long': 11.561976041441792};2.0;3981.026234364713;48.47949308755761;77.93350888742594;0.7079508202764969;30.209499670836074;384.06202081078777;55.050209279490005;1.790982858772424;0.11094652603732141;0.03452562472885654;489.5591373053501;98.44604569285373;2.245223945394682;0.14846125670492982;0.040903979513930315;0.08710583000539936;0.14841242942173627;0;0.0;-1.0
14;5a2b02b7b07e944d86d41969;{'lat': 48.149233065472124, 'long': 11.561929300582104};1.0;3265.7153271209477;13.581197825664917;77.64414676761794;0.7514716831683161;28.98456610366919;100.37460293769968;10.71696035409152;2.9159045062750817;0.07177284404643153;0.1224687382233031;123.46357158673598;19.570218210022457;3.69539290401487;0.09258191726724277;0.14001623646115754;0.054158641059439835;0.0925549799211779;0;0.0;-1.0
15;5a2b02b7b07e944d86d41969;{'lat': 48.14923013567114, 'long': 11.561947250218015};1.0;2005.968889530408;8.541676289453425;77.96651270207852;0.7303928683602765;32.54942840646651;61.75437458997594;7.180854710142992;3.6669791294422605;0.06759057028412341;0.1575105606195558;76.58455767531065;11.785468072441446;4.180644911450015;0.08500356020466059;0.17637425107637122;0.04646294351313622;0.08497904205966615;0;0.0;-1.0
16;5a2b02b7b07e944d86d41969;{'lat': 48.149135725171085, 'long': 11.561861657077733};1.0;9815.873916516877;114.61124425803878;70.34092270820851;0.8641360143798674;29.908262432594373;3661.596829938386;144.22393253399707;4.634415832214767;0.07763412334965904;0.20140026371707334;4597.759845665999;367.4231814116597;5.420507675914305;0.09771040833885397;0.2567654840932816;0.04232774189015465;0.09768116107473768;0;0.0;1.0
17;5a2b02b7b07e944d86d41969;{'lat': 48.14922590058436, 'long': 11.561897469904624};1.0;3234.450329218107;93.89152263374486;73.90987654320988;0.7145723753086413;30.706493827160497;2252.9098691256418;147.54673840369864;2.528431641518061;0.15149937463191587;0.0677098003353148;2985.3156640774673;379.13570877853726;3.1707474305370567;0.19575785208179694;0.07428175721795395;0.0983200396386459;0.1956974840653031;0;0.0;-1.0
18;5a2b02b7b07e944d86d41969;{'lat': 48.14912611914993, 'long': 11.561844340351033};1.0;2183.92675134719;4.522940723633565;76.02251732101617;0.7733002401847568;30.578065819861425;62.86210142106114;3.9265829817571514;2.180647264639526;0.05683165311031596;0.05094591549371083;77.63141011034391;6.313063717610834;2.8370049772918486;0.073064769647545;0.06181736623839216;0.036049069616162444;0.07304369508770435;0;0.0;1.0
19;5a2b02b7b07e944d86d41969;{'lat': 48.14891322533148, 'long': 11.563353884101826};1.0;3834.602878787879;24.381839826839823;76.78961038961039;0.7080905350649342;28.10359740259741;165.75324203069655;18.35295634452128;4.975452858829483;0.10215041522010451;0.03739488952605955;192.46294487839072;27.778434058633827;5.404245543421319;0.12907034334868545;0.04901943223446159;0.07336579665496586;0.12902847248029628;0;0.0;-1.0
20;5a2b02b7b07e944d86d41969;{'lat': 48.1469788149747, 'long': 11.576219194778604};1.0;2886.3786470823343;19.80188848920863;74.40167865707434;0.7492163357314141;29.07625299760192;110.25262862851207;17.370026748385467;2.1025611165743667;0.1296932054011468;0.061754962936125875;132.76254491329664;27.937648018913883;2.5707593079034607;0.16956016026115583;0.07258481266767329;0.0931825653688305;0.16950937606685917;0;0.0;-1.0
21;5a2b02b7b07e944d86d41969;{'lat': 48.14898054261904, 'long': 11.561743682400406};1.0;3724.209463193211;15.302713637260698;75.06927175843694;0.7932528123149786;28.045014801657786;191.42633735767828;14.33448555490238;2.634543651482217;0.05635654918935308;0.26570742109025086;223.13271459577985;31.6367594185759;3.187365386458039;0.07387634762173502;0.3078197145676606;0.03719078337005056;0.07385449639874007;0;0.0;1.0
22;5a2b02b7b07e944d86d41969;{'lat': 48.14697099185076, 'long': 11.576224783714537};2.0;4242.318697916667;48.68123958333334;71.890625;0.8262919699999992;29.780575;810.9085536458334;55.29403871093749;4.081640625;0.10565579496250002;0.10233703125000047;1047.050435494882;94.89841778465882;5.197648201460093;0.1348651692638038;0.11658597495399077;0.060124279340036696;0.13482305944334944;0;0.0;-1.0
23;5a2b02b7b07e944d86d41969;{'lat': 48.14703451030899, 'long': 11.57620152671424};1.0;2179.1188961988305;5.526839668615981;73.37865497076024;0.8119164210526308;30.191549707602334;56.25845863898293;4.306202478255417;2.041006207038063;0.05965670452446906;0.049539516432406776;67.41150270606705;8.120801810033097;2.483575413842808;0.07844464346957737;0.05743680487643177;0.042329863102236714;0.07841599560102999;0;0.0;1.0
24;5a2b02b7b07e944d86d41969;{'lat': 48.14693053944709, 'long': 11.576281147926897};1.0;2719.9191361668636;12.95402400629673;78.2556080283353;0.7241320802833522;30.630802833530108;79.70111767950132;13.366284899315923;2.823098121155436;0.07362095355926672;0.04952445536646478;95.45067995342824;23.814182954983547;3.6458977524853275;0.09410304243120862;0.05924364853343257;0.045931533223144284;0.09407529070189183;0;0.0;-1.0
25;5a2b02b7b07e944d86d41969;{'lat': 48.14693584180144, 'long': 11.576300531200104};1.0;2177.0981764928197;13.140636810279668;74.99886621315193;0.7816863673469381;30.587154195011337;99.54401211857889;11.568607419662243;2.03429898036312;0.07254364237123438;0.0811289406163077;122.37632381705554;18.35444274602649;2.6909227186878217;0.09152171613734568;0.09702761727109019;0.05116134423841804;0.09149579686445167;0;0.0;1.0
26;5a2b02b7b07e944d86d41969;{'lat': 48.146981472069804, 'long': 11.576204462138191};1.0;6922.269718058529;71.68981084939331;90.25695931477516;0.559304950749464;31.53751070663812;1625.970174695499;92.38811700727686;6.134970126874808;0.2035281193366011;0.1601545584600776;2102.789128491464;262.68772342245893;7.163058369927222;0.2486168529257188;0.17977955433045828;0.1128123583233575;0.24855036427888505;0;0.0;1.0
27;5a2b02b7b07e944d86d41969;{'lat': 48.14696474562032, 'long': 11.576239533718775};1.0;6391.5631293990255;19.866792997653857;82.39523551705469;0.7133392181916614;28.760281537628583;941.3308074561958;20.600787357950914;2.8169668310073637;0.03833308020703463;0.2905732851147443;1143.42790402127;65.48733892526205;3.6182603932443467;0.04911079397643903;0.35179608308494176;0.022331875459089018;0.04909751072098898;0;0.0;1.0
28;5a2b02b7b07e944d86d41969;{'lat': 48.14929255020469, 'long': 11.562000429854624};1.0;5060.834022633745;60.17554526748971;76.78086419753086;0.7428299851851844;30.61569135802469;338.3287416171316;58.65402229080934;2.9757087334247827;0.08775976896204851;0.09076316110349088;419.40655063543454;94.61231306051978;3.7873694377024605;0.11372029942080712;0.10617827864245116;0.06173016441510856;0.11368523023283779;0;0.0;-1.0
29;5a2b02b7b07e944d86d41969;{'lat': 48.14710719615206, 'long': 11.576144311884129};1.0;4223.091414453366;15.933539221741801;75.47436689314391;0.7625043705991345;30.667510809141444;128.54103891367222;13.177425156257096;2.0732728741195214;0.08827247511770553;0.20966483935935223;166.9833946498549;24.012920062457933;2.6328351460160446;0.11787575906022095;0.25311076807443145;0.0729490877608137;0.1178393859511354;0;0.0;-1.0
30;5a2b02b7b07e944d86d41969;{'lat': 48.149228984530545, 'long': 11.561909978507709};2.0;33788.79851591486;5858.196367896895;77.45518453427066;0.6118919648506144;29.525289982425306;24871.312078697287;7008.601276867814;2.505809326427005;0.20150854112756017;0.06573021457185906;33701.44926957591;11810.029114666237;3.1614732361330042;0.2465000619348004;0.08256913497681949;0.13022640755988107;0.2464279208258629;0;0.0;1.0
31;5a2b02b7b07e944d86d41969;{'lat': 48.147039770609766, 'long': 11.576197983546733};2.0;4525.410109472743;161.7499218051832;77.4524128686327;0.659109415549597;28.14651474530831;1000.002986002798;243.07099039680202;4.487803585161973;0.12623754915222557;0.16392402015395757;3248.898157632227;886.6486062095382;5.217189081673407;0.16044349627076956;0.19589427039804932;0.0844601615324502;0.1603897730806061;0;0.0;1.0
32;5a2b02b7b07e944d86d41969;{'lat': 48.14929150047342, 'long': 11.56191034983247};1.0;2607.849164118247;8.98343527013251;74.90336391437309;0.7700819082568799;29.54047706422018;96.95810563395649;7.5569597271709945;3.6064117311487065;0.08006129944168573;0.29860588614875194;119.8260512795959;11.853266880067993;4.433565881433681;0.10212032303490282;0.3377273275745408;0.05417986316635242;0.1020891200216293;0;0.0;1.0
33;5a2b02b7b07e944d86d41969;{'lat': 48.14926971020779, 'long': 11.562090323943165};1.0;5224.111739799846;75.06526173979984;74.99884526558891;0.7534990484988446;30.927909930715934;763.0815069150724;73.54121410678314;3.0797046760076596;0.10471060057923405;0.06307550042935878;887.1935529777335;115.55329273535625;3.632766799825289;0.13516284166743597;0.07120581453643009;0.07019040020941596;0.13512385574564778;0;0.0;1.0
34;5a2b02b7b07e944d86d41969;{'lat': 48.14910631813721, 'long': 11.575943446333403};2.0;1675.2788732394367;18.117996870109543;75.90349504434012;0.6418775753781943;29.477944705268644;163.07181016896024;17.46652445828976;5.638232338446143;0.19715789601481845;0.1368990192628945;202.49505630268965;29.661394879636777;6.430337583030481;0.2509379725963892;0.1556911021192328;0.1327261911379354;0.2508725787951707;0;0.0;-1.0
35;5a2b02b7b07e944d86d41969;{'lat': 48.14974894227597, 'long': 11.566367526025406};2.0;3669.859085778781;21.463826185101578;83.59593679458239;0.6825192234762973;29.432883747178334;207.73076072999092;16.707545133987946;8.538458794694497;0.09965349705730979;0.22412449235410095;263.5897568200677;30.983148288096224;9.21849375902384;0.1299018580879813;0.25107894116989266;0.07617692932731471;0.1298652355357751;0;0.0;-1.0
36;5a2b02b7b07e944d86d41969;{'lat': 48.14909844762928, 'long': 11.575967803729544};1.0;965.7515036864572;1.1503977493209212;65.93713620488941;0.91240547613504;29.107147846332946;42.274321333656815;1.2929454523606565;2.9068630307597014;0.0766142004577973;0.04412805045799996;50.23691133585777;3.301030236868907;3.5121231683632983;0.09693577341414908;0.053087681710058635;0.04978239462750587;0.09690758570290772;0;0.0;1.0
38;5a2b02b7b07e944d86d41969;{'lat': 48.149102197847284, 'long': 11.575940802184853};1.0;1164.4044444444446;3.3392592592592667;68.3820987654321;0.876436553086419;29.212611111111112;149.7900192043896;3.958011888431639;4.282729766803841;0.07668625905807028;0.05971838134430677;165.8952035967855;9.014782440529114;5.341371900226307;0.0992664784846336;0.07052198830044429;0.04465432212747208;0.09923586658147512;0;0.0;1.0
39;5a2b02b7b07e944d86d41969;{'lat': 48.14911599679116, 'long': 11.575859315041143};1.0;1087.670942593905;2.218922749822832;67.96456413890857;0.8934162891566257;29.72401842664777;45.61870772371179;2.511823137800708;3.134503076716756;0.09426303389034511;0.025421882636227154;53.69491881698474;5.183488651395917;3.68918567259926;0.12224535161750136;0.030616774720084054;0.06211917553764894;0.12220206854997748;0;0.0;1.0
40;5a2b02b7b07e944d86d41969;{'lat': 48.14910031965673, 'long': 11.576010938898271};1.0;1001.9834463276836;2.5165913370998143;69.87627118644068;0.8544692519774005;30.071101694915257;33.956042963388555;3.043967718939852;3.9084496792109555;0.07699759920840107;0.08086258737910638;41.285174693150054;7.955749520763813;4.972729668505779;0.09748307436626702;0.0910697422971957;0.040203301049329586;0.09745556041387189;0;0.0;1.0
41;5a2b02b7b07e944d86d41969;{'lat': 48.14911622195932, 'long': 11.575861951411515};1.0;1090.9154532254718;3.69450321510061;72.6571250777847;0.8026521966397007;30.025301804604855;41.00722412459387;3.969519165722147;3.5339857631263962;0.0955937805703036;0.07430494077521015;51.54713377309816;6.8741768467330315;4.579318655771347;0.12479453427964453;0.08811230742795324;0.06375866561180896;0.12475573863596894;0;0.0;1.0
42;5a2b02b7b07e944d86d41969;{'lat': 48.149104344285064, 'long': 11.575990682557553};1.0;5549.975126903554;27.79746192893402;75.16243654822335;0.7774657461928925;30.19999999999999;373.196880448693;22.155364305530494;0.9085521399675341;0.08570345806385135;1.0658141036401503e-14;422.2936389548809;46.548643507047444;1.0804431027357475;0.10882696690354395;1.0685295579867266e-14;0.05587350070950846;0.1085506804238222;0;0.0;-1.0
43;5a2b02b7b07e944d86d41969;{'lat': 48.149888066594244, 'long': 11.593324999464276};1.0;291572.0;0.0;78.31106471816284;0.6879502741823236;22.734398051496175;0.0;0.0;1.5494092163126902;0.13686556573004238;0.19905524005445085;0.0;0.0;1.8819539701620343;0.17233640405999154;0.23213464466824793;0.11673382468765196;0.1722764896132434;0;0.0;-1.0
44;5a2b02b7b07e944d86d41969;{'lat': 48.14923875823689, 'long': 11.594682802983044};1.0;291572.0;0.0;94.16305916305916;0.5991794978354972;21.995670995670995;0.0;0.0;8.284683570397855;0.11099309313293729;0.18230780282728334;0.0;0.0;10.307095051298267;0.13897350200023134;0.21338128104494025;0.09545716213633358;0.138923408329602;0;0.0;-1.0
45;5a2b02b7b07e944d86d41969;{'lat': 48.14925295242761, 'long': 11.594717898450043};1.0;291572.0;0.0;83.8105360443623;0.6584509131238441;22.27788354898336;0.0;0.0;3.0432433263518988;0.1174786741059377;0.1481094775540616;0.0;0.0;3.9518564226324164;0.14914586247413122;0.18152161189456986;0.11153983226287523;0.14907699405358196;0;0.0;-1.0
46;5a2b02b7b07e944d86d41969;{'lat': 48.14925502006837, 'long': 11.594702305748752};2.0;291572.0;0.0;120.33826638477801;0.518935554615926;21.2615221987315;0.0;0.0;31.05180523460675;0.15044049141595414;0.19219919336935876;0.0;0.0;32.05394377923019;0.1940051967668988;0.2205572376941011;0.12732908952270242;0.19393689322503718;0;0.0;-1.0
47;5a2b02b7b07e944d86d41969;{'lat': 48.14923462858371, 'long': 11.594688265857576};1.0;291572.0;0.0;87.76447876447877;0.6169533405405399;21.688355212355212;0.0;0.0;6.06316542687199;0.10722971729103611;0.19773516793130685;0.0;0.0;7.427712740525829;0.13623543260358836;0.2282098816420315;0.10154151219184651;0.13618287447226063;0;0.0;-1.0
48;5a2b02b7b07e944d86d41969;{'lat': 48.150257042221654, 'long': 11.57604968683827};2.0;291572.0;0.0;76.0515759312321;0.6674674765998083;22.176886341929322;0.0;0.0;2.804317424870623;0.17334765159563545;0.8386910342826961;0.0;0.0;3.4309934370833823;0.21884213171036007;1.065067098791434;0.14596295266137946;0.21873770206685791;0;0.0;-1.0
49;5a2b02b7b07e944d86d41969;{'lat': 48.149100571289424, 'long': 11.575887568691934};1.0;4892.348509655751;53.644773299748124;73.8469773299748;0.7146262166246843;30.6169080604534;1625.791641393152;58.701568914211755;2.2143453102297466;0.14395643619336462;0.9053743441047152;1925.2861561011196;149.57465967450761;2.632478005251134;0.18285151784694667;1.082806197739538;0.11068836583542087;0.18279399343909397;0;0.0;-1.0
50;5a2b02b7b07e944d86d41969;{'lat': 48.149115726439845, 'long': 11.575826210623754};1.0;108551.92997915483;3651.0036573810876;73.78510517339397;0.7813520864127338;26.05357589539511;124289.75771769819;5332.686486811431;3.5438425820138515;0.113496551331397;1.6309934032108402;132439.3422294043;10230.954080071284;4.217006696813353;0.14436453469435276;1.725311039807903;0.06624287602252056;0.14432353391693425;0;0.0;-1.0
51;5a2b02b7b07e944d86d41969;{'lat': 48.14909914973382, 'long': 11.575968824453932};1.0;3418.3438;11.68086666666667;71.16066666666667;0.8428072319999992;32.35506;325.05938257777774;12.248090400000004;2.3695715555555554;0.05337933994666654;0.3365218666666672;400.3834985281452;32.73836034039851;3.0442894114888004;0.06841939479461125;0.3943986518710887;0.03221276805105744;0.06839660732620757;0;0.0;-1.0
52;5a2b02b7b07e944d86d41969;{'lat': 48.14909151861732, 'long': 11.575914440910658};1.0;3426.8783695398274;16.280331698201348;73.02803083391731;0.8076827470217232;29.331681850035036;117.18977745410164;14.17495715738141;3.767570957345303;0.0890728138016991;0.05016866135089213;147.78539878187078;27.09273193528539;4.849262083410919;0.11427816500870028;0.0671706476414311;0.05767714882186353;0.11423815661537448;0;0.0;-1.0
53;5a2b02b7b07e944d86d41969;{'lat': 48.149111247522605, 'long': 11.575872903246815};1.0;2439.717463162087;3.59631620868178;71.67383512544802;0.8278060023894855;29.535913978494627;50.386323997588626;3.262314585239534;1.4046496490709712;0.07233773703375401;0.13576739764391388;61.94717906398691;4.751031602897454;1.888068361836693;0.09358061089794965;0.16018379240054254;0.04949438308681724;0.09355268346725208;0;0.0;1.0
54;5a2b02b7b07e944d86d41969;{'lat': 48.1491015680182, 'long': 11.57592601474135};1.0;2110.5410131712256;3.495623100303954;71.20243161094226;0.8344515209726437;30.02465045592705;85.40810687262677;3.3909558362050154;2.0068299442909807;0.07764893515174467;0.0841245738675735;103.12620144115772;5.445390100129269;2.4277379097857423;0.10194899530210476;0.11581280519360311;0.05787077963410721;0.10191803403288532;0;0.0;1.0
55;5a2b02b7b07e944d86d41969;{'lat': 48.14910522802559, 'long': 11.575945347236905};1.0;2527.05274151436;3.3973890339425417;65.34399477806788;0.9415201879895554;30.520248041775456;42.269494645133584;3.393384302844808;3.671012311761618;0.07489443344763407;0.14246973188173603;50.007710172910784;5.844750085655732;4.446922974358929;0.09457300065404105;0.1668549234402189;0.04625044165607698;0.09454216060950846;0;0.0;1.0
56;5a2b02b7b07e944d86d41969;{'lat': 48.14910548524276, 'long': 11.575906768988785};1.0;2685.261476655809;7.18668838219326;72.10618892508144;0.8315996872964162;28.989035830618892;75.65556370889878;6.864603932137215;2.38740273106346;0.06573804304767153;0.07591652749631254;98.00257142952763;13.490315448251854;3.044401021279043;0.08214336590331331;0.08569819480464214;0.041363632706254594;0.08211663149549038;0;0.0;1.0
57;5a2b02b7b07e944d86d41969;{'lat': 48.14910469839012, 'long': 11.575944082885137};1.0;1851.5579432624113;3.849918946301931;73.17082066869301;0.821520855927051;32.03901519756838;60.956103214124035;4.036616968924282;1.8933705342707479;0.05504228035143806;0.15896043828124282;75.95585051696565;8.68801001215227;2.3808593226846466;0.0713496004874554;0.1916956044272479;0.037879763100951536;0.07132793206215265;0;0.0;-1.0
58;5a2b02b7b07e944d86d41969;{'lat': 48.14908200429525, 'long': 11.576152266134246};1.0;3848.7778051643186;17.184237089201876;70.77253521126761;0.8257324281690134;30.47685211267606;163.68226491106265;15.340897308735048;2.076319182701845;0.09337426947034319;0.14238392184090412;195.72387449248478;26.31411959218179;2.619051045975076;0.12090624157203449;0.16230333997637117;0.0664203727021485;0.12086370401159247;0;0.0;1.0
59;5a2b02b7b07e944d86d41969;{'lat': 48.149095981466, 'long': 11.575858473378547};1.0;4412.3004812414065;16.68197800039283;65.56040070713023;0.9115138338243952;29.792068355922215;236.75333678958108;15.560321674111037;3.572116761910251;0.0797220926693401;0.14369889808664402;286.1274300797388;27.404020032427198;4.239447145971992;0.10404242992088683;0.16742120096409518;0.04581323029877487;0.10401180123790871;0;0.0;1.0
60;5a2b02b7b07e944d86d41969;{'lat': 48.149093259361436, 'long': 11.575903460734787};1.0;2368.1022736500204;11.611043442955742;69.08830694275274;0.8448682777101089;31.93929354445798;288.0427704941787;14.478298797847607;3.104435041785292;0.07747912681869491;0.0822546106245754;330.7909907399479;35.27114303350132;4.004734819052677;0.10299956625428673;0.10213975356103129;0.04915908780990109;0.10296822877413572;0;0.0;-1.0
61;5a2b02b7b07e944d86d41969;{'lat': 48.149103533908445, 'long': 11.57595615061599};1.0;2328.632796852647;3.326287553648053;69.7310443490701;0.855995284692417;31.923469241773965;30.78206773011108;2.835076626941008;2.544245713782821;0.05123912208120732;0.11568668504567205;40.28851335491965;4.23956096648573;3.0268273969766266;0.06534156507785589;0.13432157851525325;0.03342638123305143;0.06531821460007985;0;0.0;-1.0
62;5a2b02b7b07e944d86d41969;{'lat': 48.14910852778167, 'long': 11.575921301858498};1.0;3058.5621971085316;17.68811850946854;72.27428222357972;0.801939909590714;31.764086744043986;125.24785813006015;15.61983138596399;1.851661841001967;0.1071477417643088;0.1822353344635309;155.32544706558767;27.329185512611627;2.3086749448516484;0.14011059273886056;0.21210805891500334;0.0806065638870351;0.14006783405563353;0;0.0;1.0
63;5a2b02b7b07e944d86d41969;{'lat': 48.145744005628934, 'long': 11.579463136011825};1.0;2771.1577309759055;7.480594557115609;69.8653146125845;0.8555190681227243;30.967472698907955;68.08797577418783;6.106650821761769;4.349389617810402;0.1005394897306032;0.18465176048539647;82.30177871084197;9.326635818501085;5.0888114853401225;0.12767425639426427;0.2093505110600637;0.054397374058854676;0.12764108863089363;0;0.0;-1.0
64;5a2b02b7b07e944d86d41969;{'lat': 48.14574603241528, 'long': 11.579402136817642};1.0;291572.0;0.0;92.57295136575617;0.5956870672884736;22.877968021319123;0.0;0.0;14.364461444979383;0.12542391694633068;0.23461210181442377;0.0;0.0;15.836061417441096;0.15467482302400778;0.2732409223439067;0.10872058334996389;0.15462334202127492;0;0.0;-1.0
65;5a2b02b7b07e944d86d41969;{'lat': 48.149098160504806, 'long': 11.576031916667986};1.0;9264.445505617978;420.75758426966286;80.54705056179775;0.7274263707865161;31.054845505617973;3233.5700022093165;542.9369815995454;7.04841954929933;0.098013617504103;0.04321564117535917;4090.0494512034566;1069.2848857068857;9.046722154317974;0.1279262061603949;0.05531336660440341;0.06661513834682892;0.127881325264448;0;0.0;-1.0
66;5a2b02b7b07e944d86d41969;{'lat': 48.149109123454416, 'long': 11.575912903113917};1.0;3761.4713688946013;24.017127249357326;71.706940874036;0.8402632390745494;32.85324550128534;1308.5729177543103;27.386815417776333;3.132308139650148;0.07836121088282519;0.034978241618810336;1552.9974232016891;113.57697074669834;3.941074415551354;0.10189785850080557;0.04295896657661273;0.060762131165681466;0.10186514244348911;0;0.0;-1.0
67;5a2b02b7b07e944d86d41969;{'lat': 48.14911182322505, 'long': 11.575915527034114};1.0;2127.846250235538;3.1530148859996237;70.11531938948559;0.8648755862068958;31.7668117580554;140.74382446341812;3.183586116569267;1.9483932981845191;0.05700682263503618;0.2480992061957695;166.4982837209888;5.9526691019446725;2.4109097394555103;0.07133967286464807;0.2862060872632808;0.03569621469708546;0.07131952633041971;0;0.0;-1.0
68;5a2b02b7b07e944d86d41969;{'lat': 48.14911192681171, 'long': 11.575903957648926};1.0;3387.6635281993626;30.804094060333515;69.87127599775154;0.8553227296233833;30.312596964586845;693.097176719673;36.21822345366903;2.262713355900028;0.0746925066453575;0.13767848053030143;781.7818519009502;75.29720323761349;2.7877203619370303;0.0997433111007969;0.16311368850852956;0.05432601729132508;0.09971530165265392;0;0.0;-1.0
69;5a2b02b7b07e944d86d41969;{'lat': 48.14908074969026, 'long': 11.576067938542504};1.0;3828.1168658202632;55.40088374408762;71.3024645257655;0.827171297983569;29.490104555638535;687.9683217312233;62.570151334052106;2.6307963373734817;0.08798461767361755;0.07388753882630747;793.9874883875925;101.75684281274037;3.5002137311492407;0.11410598192681606;0.10067182903668932;0.056334694225721495;0.11406340790486505;0;0.0;-1.0
70;5a2b02b7b07e944d86d41969;{'lat': 48.15013665329415, 'long': 11.576518317111264};1.0;7628.413670661341;394.41287172658673;78.49933422103861;0.6669277017310244;29.78858854860187;1808.794206038642;454.5691788371534;5.170446506300521;0.13494090814732593;0.4219576029120502;2291.527240410765;738.130035180533;5.580702171918833;0.17685071447553324;0.4844241536521443;0.09981850364856404;0.17679189178304708;0;0.0;-1.0
71;5a2b02b7b07e944d86d41969;{'lat': 48.14910941058986, 'long': 11.575910727352845};1.0;12929.040488407449;1733.128287723299;75.09521094640822;0.6382622668186995;30.264093500570127;5216.843341277385;1727.2034165811806;2.980637188300013;0.20940746785519726;0.041489139013090974;6513.238905793839;2575.3047189348254;3.503490214132046;0.2574843293671156;0.0493945583972778;0.1449039797451796;0.2574109930990444;0;0.0;-1.0
72;5a2b02b7b07e944d86d41969;{'lat': 48.14908732648041, 'long': 11.57604373636038};1.0;2611.731607069462;8.304480065762434;65.87484586929716;0.9364148360049315;29.895129469790383;265.6177738990647;6.415809438956648;3.1459889527626457;0.08107386491232606;0.37116955365572885;294.85551560443366;10.249726066277619;3.997963216129504;0.10283404944291619;0.4094004303939496;0.04945434724929391;0.10280237647687956;0;0.0;1.0
73;5a2b02b7b07e944d86d41969;{'lat': 48.14909325369536, 'long': 11.576038981941286};2.0;1127.6209963027827;23.370500097295196;70.32282545242265;0.7661958949211901;24.66579684763573;242.13016414545456;31.15630760821151;5.022630759798784;0.17936356349457072;0.6434578677732761;276.982299794707;60.34442935114416;5.767318369141246;0.22980172539846264;0.6999671793469707;0.09913783552155514;0.22973470685253278;0;0.0;1.0
74;5a2b02b7b07e944d86d41969;{'lat': 48.139632284817324, 'long': 11.576133868098124};1.0;869.5712712051113;8.127473011676582;78.67547918043621;0.677497528089887;32.4214871116986;48.56973179641462;9.121093870017171;3.202487016030708;0.08815382585383594;0.07284283510741538;63.299918925006246;14.633566036650976;3.851034036016431;0.1148661507653704;0.09310329502278283;0.06586353980401288;0.11482822270566624;0;0.0;-1.0
75;5a2b02b7b07e944d86d41969;{'lat': 48.13961363645666, 'long': 11.568541068464086};1.0;2245.9190510252743;60.64001430615164;72.90815450643777;0.6482178701001424;29.47482689556509;761.9693977294356;68.53888846727698;3.0933269477549166;0.21641355397111345;1.001598537866275;884.9280035862097;127.31121255873498;3.98894858547505;0.2562697418426818;1.0604327385998582;0.11998169213846259;0.2562331135390333;0;0.0;1.0
76;5a2b02b7b07e944d86d41969;{'lat': 48.14567728798232, 'long': 11.579017190008773};1.0;3094.649107337252;35.512138036141955;66.88438928804703;0.8111656485956883;31.118700195950368;277.8478218423145;37.70481979009037;4.232599433181695;0.17397423340746712;0.14365479630420463;361.1364110970328;69.39978056112795;4.911540159118143;0.22459551308783726;0.15849643485803314;0.09596572414891436;0.22452222514614845;0;0.0;1.0