;phoneId;date;measurementId;location;motionType;mean(SCL);mean(SCR);mean(HR);mean(RR);mean(skinTemp);mad(SCL);mad(SCR);mad(HR);mad(RR);mad(skinTemp);std(SCL);std(SCR);std(HR);std(RR);std(skinTemp);RMSSD;receptivity
0;5a4f50cbebd4d8179239db7c;2018-02-04;0;6;1.0;4829.253985449734;165.6577447089947;71.86666666666666;0.8260050666666658;32.50866666666666;381.5833339506166;154.26176763668434;1.6177777777777786;0.057555804444444456;0.0024888888888900357;474.49012115820483;300.48966711297527;1.9250317208910563;0.07602421127188785;0.0050741626340482385;0.0904855628034774;-1.0
1;5a4f50cbebd4d8179239db7c;2018-02-04;0;6;1.0;4860.921910052911;164.582835978836;71.96666666666667;0.8221335999999992;32.507999999999996;381.03737178130507;155.0301037037036;1.573333333333333;0.05956528000000003;0.0036000000000015577;465.677457128243;300.86574461087173;1.9025089303036289;0.07789500869919891;0.006102571532586081;0.09111285324520764;-1.0
2;5a4f50cbebd4d8179239db7c;2018-02-04;0;6;1.0;4913.487658730159;184.76740476190477;72.1;0.822686666666666;32.50733333333333;411.4229947089945;179.5634719576719;1.5799999999999992;0.06019208888888897;0.004622222222224082;479.63209434522327;313.70922231434224;1.9000907419347655;0.07813026499879294;0.0069149180728338335;0.09418665924421676;-1.0
3;5a4f50cbebd4d8179239db7c;2018-02-04;0;6;1.0;4936.8021071428575;201.74394312169312;72.23333333333333;0.8215805333333327;32.50666666666667;411.50683280423266;200.41109109347443;1.5822222222222222;0.06115073777777788;0.005555555555552871;475.4400271840482;325.0638740742507;1.8879533405494833;0.07850601484346471;0.007580980435787524;0.09538845150660319;-1.0
4;5a4f50cbebd4d8179239db7c;2018-02-04;0;6;1.0;4957.3942579365075;210.36249603174605;72.43333333333334;0.8190917333333327;32.50599999999999;406.3513521164019;206.69263174603157;1.5666666666666667;0.06330769777777785;0.0064000000000021375;467.96820660204406;329.3180729892437;1.8510636892363255;0.08101871758488187;0.008136762043448107;0.09538845150660318;-1.0
5;5a4f50cbebd4d8179239db7c;2018-02-04;0;6;1.0;4968.994757936509;201.98782936507936;72.6;0.8196447999999994;32.505333333333326;385.1985113756613;200.0600465608464;1.4933333333333336;0.06282837333333342;0.0071555555555576685;453.70431979611357;328.13568078604897;1.7538135787379225;0.08091515177594451;0.008603661343039816;0.09138593883841921;-1.0
6;5a4f50cbebd4d8179239db7c;2018-02-04;0;6;1.0;4981.766332010582;198.06958862433868;72.7;0.8166029333333326;32.504666666666665;370.96425828924134;198.9842194003526;1.473333333333333;0.0618328533333334;0.007822222222220888;445.6604563027877;328.75843504461756;1.744943433526399;0.08062965988669228;0.008995528902174282;0.0915934575588573;-1.0
7;5a4f50cbebd4d8179239db7c;2018-02-04;0;6;1.0;4997.344387566138;199.27514417989423;72.8;0.8213039999999994;32.504;358.7440213403878;198.34125643738975;1.4400000000000006;0.058625066666666795;0.008399999999998898;440.29524451456643;328.33006080600626;1.7300587990805005;0.07693393903863233;0.009321831993986125;0.08361536996476673;-1.0
8;5a4f50cbebd4d8179239db7c;2018-02-04;0;6;1.0;5011.135665343915;197.83623677248679;72.86666666666666;0.8248989333333328;32.50333333333333;345.7721620811286;199.1086737213403;1.4355555555555573;0.055509457777777875;0.00888888888888791;433.176148309657;329.1322804091852;1.736689941821219;0.0729333561599493;0.009589266029705777;0.0829313881695232;-1.0
9;5a4f50cbebd4d8179239db7c;2018-02-04;0;6;1.0;5026.1007023809525;199.66666269841275;72.93333333333334;0.8210274666666658;32.50266666666666;332.5411373015871;198.1324465608464;1.422222222222221;0.053868693333333405;0.009288888888887925;422.35354185702164;328.284617818269;1.7406565018610838;0.07210869394603048;0.009802650357069268;0.08090341899087945;-1.0
10;5a4f50cbebd4d8179239db7c;2018-02-04;0;6;1.0;5039.808776455027;198.53223677248687;73.03333333333333;0.8204743999999994;32.501999999999995;320.6608064373897;198.73747372134022;1.426666666666667;0.05370277333333343;0.009599999999998943;409.96285205478205;328.7983498952181;1.7710961603468638;0.07210430557023284;0.009965457582446813;0.07966186064126039;-1.0
11;5a4f50cbebd4d8179239db7c;2018-02-04;0;6;1.0;5052.694044973545;196.06769047619053;73.13333333333334;0.8160498666666661;32.501333333333335;309.49357372134017;200.05189841269825;1.497777777777776;0.04940728888888901;0.009822222222220015;398.62230155444524;330.1048777269549;1.8519948859193063;0.06922043414251429;0.010080138659872612;0.0794829120199582;-1.0
12;5a4f50cbebd4d8179239db7c;2018-02-04;0;6;1.0;5069.064396825398;196.6312645502646;73.2;0.8149437333333328;32.50066666666667;296.2672126984128;199.7513255731922;1.546666666666666;0.048061493333333455;0.009955555555553513;382.9514773445737;329.8015660402508;1.9190514898484763;0.06898690165678042;0.010148325268096477;0.07954260629200013;-1.0
13;5a4f50cbebd4d8179239db7c;2018-02-04;0;6;1.0;5089.8358915343915;201.46664814814818;73.26666666666667;0.8130079999999994;32.5;279.6500169312168;197.17245432098753;1.5955555555555558;0.04922293333333343;0.00999999999999801;364.5271758259826;327.7410381924334;1.9815238534040398;0.06985239474482031;0.010170952554310135;0.08021110572689442;-1.0
14;5a4f50cbebd4d8179239db7c;2018-02-04;0;6;1.0;5112.3671798941805;204.43293650793657;73.36666666666666;0.8074773333333328;32.49933333333333;262.896131569665;195.59043386243374;1.6688888888888906;0.05401617777777778;0.009955555555553513;343.15224379454105;326.3581710607996;2.092405534197477;0.07613806712098445;0.010148325268096477;0.08244346782513748;-1.0
15;5a4f50cbebd4d8179239db7c;2018-02-04;0;6;1.0;5133.727608465609;200.74089417989416;73.46666666666667;0.8047119999999992;32.498666666666665;247.23181728395065;197.5595231040563;1.7422222222222217;0.054753599999999944;0.009822222222220015;323.02247313968587;328.43798037876206;2.1929877797878516;0.07681044949026494;0.010080138659872612;0.08413881111263856;-1.0
16;5a4f50cbebd4d8179239db7c;2018-02-04;0;6;1.0;5155.510833333333;194.67369576719574;73.53333333333333;0.8041589333333327;32.498000000000005;231.25745238095223;200.79536225749547;1.7911111111111115;0.05519605333333333;0.009599999999998943;306.4560911546135;330.3445575783629;2.2702473408212036;0.07693188250382023;0.009965457582446813;0.08264472506437122;-1.0
17;5a4f50cbebd4d8179239db7c;2018-02-04;0;6;1.0;5168.141984126984;194.5857989417989;73.76666666666667;0.801117066666666;32.49733333333333;221.99460846560848;200.84224056437387;1.7777777777777781;0.05517761777777777;0.009288888888886031;298.8977273249997;330.38316074065784;2.3588912259983403;0.07735488555595377;0.009802650357069268;0.08195264260745237;-1.0
18;5a4f50cbebd4d8179239db7c;2018-02-04;0;6;1.0;5180.11791005291;196.9685767195767;73.96666666666667;0.8016701333333327;32.49666666666666;213.212262786596;199.57142574955904;1.7133333333333325;0.05477203555555555;0.00888888888888554;289.8112016153501;329.47851944137346;2.370556945083804;0.0770105058357952;0.009589266029705777;0.08024068754819394;-1.0
19;5a4f50cbebd4d8179239db7c;2018-02-04;0;6;1.0;5193.3429470899455;199.35002116402111;74.2;0.8066477333333327;32.496;204.06594603174528;198.30132204585533;1.7066666666666672;0.05265194666666669;0.008399999999998898;278.7996195145452;328.5981672084691;2.3103962938168765;0.07364574990332422;0.009321831993986125;0.0811669964388023;-1.0
20;5a4f50cbebd4d8179239db7c;2018-02-04;0;6;1.0;5213.020775132275;206.97456878306875;74.5;0.8085834666666661;32.49533333333333;192.25924920634915;194.2348966490299;1.7;0.05250446222222221;0.007822222222217571;269.04273940979255;326.3681105088629;2.1932498324600886;0.0734537614011808;0.008995528902174282;0.07225719274541649;-1.0
21;5a4f50cbebd4d8179239db7c;2018-02-04;0;6;1.0;5221.555640211641;221.9367671957671;74.8;0.8088599999999994;32.49466666666667;204.77980599647282;204.18261022927683;1.653333333333333;0.05226479999999998;0.007155555555553879;281.3636036847264;332.3892863750694;2.0239940029896166;0.07335730912975617;0.008603661343039816;0.07260123755381048;-1.0
22;5a4f50cbebd4d8179239db7c;2018-02-04;0;6;1.0;5226.969023809524;232.34316666666655;75.06666666666666;0.8024997333333327;32.494;227.68129999999988;227.1569095238095;1.6133333333333326;0.04601514666666664;0.006399999999997874;322.0869251009306;348.9985004586118;1.8925139881655562;0.06600704834199891;0.008136762043448105;0.06420511876467638;-1.0
23;5a4f50cbebd4d8179239db7c;2018-02-04;0;6;1.0;5201.26240079365;206.45304365079357;75.26666666666667;0.7975221333333327;32.49333333333333;212.5862817460315;205.42935291005284;1.6355555555555554;0.04004202666666664;0.005555555555552871;325.45084329767354;316.4640486312539;1.8742048122232848;0.058772054984950264;0.007580980435787525;0.06407561688053173;-1.0
24;5a4f50cbebd4d8179239db7c;2018-02-04;0;6;1.0;5164.059503968253;178.82581349206342;75.46666666666667;0.7953098666666661;32.492666666666665;172.77984656084624;177.74965476190476;1.6311111111111112;0.042106808888888944;0.004622222222218871;268.2186826044902;286.6916854929802;1.833281085984876;0.06067935685548586;0.006914918072833832;0.06661784008755482;-1.0
25;5a4f50cbebd4d8179239db7c;2018-02-04;0;6;1.0;5096.802837301587;139.52942460317448;75.66666666666667;0.7917149333333328;32.492;94.5718201058201;122.21932142857142;1.6;0.04452186666666675;0.003599999999995873;109.25165712417031;186.70536476809338;1.7681732894739692;0.0627539294744015;0.00610257153258608;0.060591946076845135;-1.0
26;5a4f50cbebd4d8179239db7c;2018-02-04;0;6;1.0;5079.146038359789;111.22269973544968;75.83333333333333;0.7933741333333327;32.49133333333334;83.6311900352735;95.35860493827157;1.5777777777777782;0.046181066666666735;0.0024888888888900357;100.86011520464987;164.90565824370623;1.7436255002314782;0.06353567466405066;0.005074162634048239;0.06593750032181726;-1.0
27;5a4f50cbebd4d8179239db7c;2018-02-04;0;6;1.0;5078.975423280424;113.60856613756609;75.96666666666667;0.7867373333333327;32.49066666666667;82.52556613756646;93.4714952380952;1.571111111111111;0.04240177777777787;0.0012888888888895166;100.24330850227098;164.01540662234024;1.7515182248421008;0.05714855602564331;0.003651483716700381;0.0678532430145104;-1.0
28;5a4f50cbebd4d8179239db7c;2018-02-04;0;6;1.0;5084.740998677248;114.95951190476187;76.1;0.7795474666666661;32.48866666666667;85.2325418871253;98.79695952380949;1.5666666666666667;0.04017107555555559;0.00257777777777927;106.56570755442975;166.8735923633914;1.748891274395059;0.051944983253659746;0.00730296743340206;0.066368;-1.0
29;5a4f50cbebd4d8179239db7c;2018-02-04;0;6;1.0;5091.405009259258;124.21204100529094;76.2;0.7737402666666661;32.48733333333334;90.61376569664884;102.7083188712522;1.5866666666666664;0.040484480000000024;0.0049777777777743875;121.71636076169374;170.72869053038005;1.7694729392558173;0.05010547813874891;0.010148325268098281;0.06523187910301483;-1.0
30;5a4f50cbebd4d8179239db7c;2018-02-04;0;6;1.0;5087.192306878307;114.71544973544967;76.33333333333333;0.770421866666666;32.486000000000004;83.28988924162267;93.44893298059964;1.5555555555555562;0.04273361777777781;0.007199999999998141;110.12220121406526;157.62945386397274;1.7485626280942346;0.05181919075462653;0.012205143065174326;0.06041543574400436;-1.0
31;5a4f50cbebd4d8179239db7c;2018-02-04;0;6;1.0;5082.782473544974;105.37676455026445;76.5;0.7690391999999994;32.48466666666667;78.72567989418;90.01002592592594;1.4666666666666666;0.04430064000000002;0.0092444444444439;97.09122923022576;152.7108490886622;1.6557111192308964;0.0534610011738496;0.013829836145670123;0.05843864552231462;-1.0
32;5a4f50cbebd4d8179239db7c;2018-02-04;0;6;1.0;5062.6322235449725;60.89257010581999;76.6;0.7640615999999993;32.483333333333334;74.319641622575;42.489277248677226;1.3733333333333348;0.04336042666666669;0.011111111111111663;88.76730406511504;59.41974692428996;1.5887535778195696;0.051341450045747646;0.015161960871577743;0.05695790432022331;-1.0
33;5a4f50cbebd4d8179239db7c;2018-02-04;0;6;1.0;5074.646279100528;62.411440476190336;76.7;0.7607431999999992;32.482;77.58720035273369;41.274180952380966;1.2666666666666657;0.045793920000000016;0.012800000000001432;93.62233422877148;58.34608802506136;1.5120207989811925;0.053461001173849575;0.0162735240868991;0.053675869433557115;-1.0
34;5a4f50cbebd4d8179239db7c;2018-02-04;0;6;1.0;5088.031343915343;62.08270899470881;76.76666666666667;0.7648911999999993;32.48066666666667;81.05449171075846;41.86868924162263;1.1933333333333338;0.045793920000000064;0.014311111111109416;99.88164395462569;59.1372544185364;1.4781939897267773;0.053825987318266724;0.017207322686082684;0.06010035961565479;-1.0
35;5a4f50cbebd4d8179239db7c;2018-02-04;0;6;1.0;5099.775529100529;59.84407936507923;76.9;0.7659973333333326;32.47933333333334;87.02289241622579;42.77918095238094;1.0799999999999974;0.04682631111111117;0.01564444444444367;108.15658590690893;59.57932039864417;1.398274799098197;0.055173006306703486;0.01799105780435176;0.0594651992809007;-1.0
36;5a4f50cbebd4d8179239db7c;2018-02-04;0;6;1.0;5113.609362433863;61.34865343915326;77.03333333333333;0.7682095999999994;32.478;97.05553139329825;43.27598183421521;0.9666666666666667;0.04889109333333338;0.016799999999999926;122.39880206037458;59.87925021258937;1.2994251602637363;0.05704533655550677;0.018643663987975564;0.05914506129264163;-1.0
37;5a4f50cbebd4d8179239db7c;2018-02-04;0;6;1.0;5130.87025132275;61.095097883597646;77.16666666666667;0.7673799999999993;32.476666666666674;112.68805731922397;44.63321146384487;0.8888888888888886;0.048116800000000036;0.01777777777777582;147.35899749734006;61.63951535334345;1.176884646541184;0.05629783457831123;0.01917853205941495;0.05956488954247196;-1.0
38;5a4f50cbebd4d8179239db7c;2018-02-04;0;6;1.0;5171.234343915344;77.46622751322735;77.3;0.7640615999999993;32.47533333333334;150.85150088183428;61.71559682539681;0.7933333333333337;0.04949946666666671;0.018577777777776562;209.18267160247828;98.01089755110725;1.0221680811915899;0.05744952890512409;0.01960530071414202;0.06253862783360646;-1.0
39;5a4f50cbebd4d8179239db7c;2018-02-04;0;6;1.0;5217.8677883597875;84.90226455026435;77.43333333333334;0.7615727999999994;32.474000000000004;194.52354920634892;64.2122680776014;0.6799999999999993;0.05088213333333336;0.019199999999999308;275.89124852365745;86.13281899881034;0.8172001541568767;0.05835330095464564;0.01993091516489717;0.06248167961007887;-1.0
40;5a4f50cbebd4d8179239db7c;2018-02-04;0;6;1.0;5263.115029100529;89.23128306878286;77.53333333333333;0.7599135999999994;32.472666666666676;233.9158714285714;62.381503527336825;0.5911111111111116;0.04922293333333337;0.01964444444444311;324.4253906769807;81.83558108577314;0.68144538746106;0.05754240087136945;0.020160277319748808;0.0633305262342217;-1.0
41;5a4f50cbebd4d8179239db7c;2018-02-04;0;6;1.0;5304.366584656084;86.04083862433845;77.53333333333333;0.7543829333333325;32.471333333333334;270.35541410934746;63.39047724867717;0.5911111111111116;0.05198826666666666;0.019911111111110814;357.60752595522365;81.9234486298089;0.68144538746106;0.06173400974421514;0.020296650536196562;0.0670970474585519;-1.0
42;5a4f50cbebd4d8179239db7c;2018-02-04;0;6;1.0;5346.068445767194;89.68140343915326;77.5;0.7513410666666658;32.470000000000006;308.4109215167543;65.11387028218692;0.6333333333333333;0.05091900444444445;0.019999999999999574;391.2203925163542;81.9436589202841;0.7768193328323317;0.06098949643822702;0.02034190510862388;0.06624272659722334;-1.0
43;5a4f50cbebd4d8179239db7c;2018-02-04;0;6;1.0;5400.553723544974;103.04075529100513;77.43333333333334;0.7527237333333325;32.46866666666667;367.12148809523836;77.35577671957677;0.7177777777777767;0.052393848888888934;0.019911111111110814;454.1074676276847;99.23225066251771;0.9714309861845773;0.06154149557590832;0.02029665053619656;0.06510441962221022;-1.0
44;5a4f50cbebd4d8179239db7c;2018-02-04;0;6;1.0;5470.004371693122;116.56557010581997;77.3;0.7574247999999991;32.46733333333334;445.2484325396828;81.68627574955914;0.8866666666666674;0.05005253333333339;0.019644444444445006;544.4335896446236;107.4661869275614;1.2635472781569872;0.05850561463088767;0.0201602773197488;0.06483044834239439;-1.0
45;5a4f50cbebd4d8179239db7c;2018-02-04;0;6;1.0;5566.320538359788;122.53125529100514;77.16666666666667;0.7568717333333324;32.466;550.841807760141;89.47114656084662;1.0555555555555542;0.05060560000000006;0.019199999999999308;686.533968557999;137.70472913792474;1.487495774165735;0.058689217167964616;0.01993091516489717;0.06543167093103763;-1.0
46;5a4f50cbebd4d8179239db7c;2018-02-04;0;6;1.0;5661.548074074074;116.75017989417975;77.0;0.7546594666666658;32.46466666666667;652.0005061728396;86.74184021164027;1.2666666666666666;0.05114023111111118;0.018577777777778456;813.5831478778516;119.94907966780951;1.7616606585441104;0.05904399230248662;0.019605300714142022;0.06543167093103763;-1.0
47;5a4f50cbebd4d8179239db7c;2018-02-04;0;6;1.0;5741.438206349206;142.0648888888888;76.76666666666667;0.7518941333333325;32.46333333333334;718.0422042328044;109.40729523809533;1.5577777777777784;0.05372120888888897;0.017777777777778187;875.39075198657;153.49394811231704;2.0625283000496615;0.06133096681951215;0.019178532059414957;0.06492190056495205;-1.0
48;5a4f50cbebd4d8179239db7c;2018-02-04;0;6;1.0;5836.185544973545;152.53818518518517;76.56666666666666;0.7546594666666661;32.462;797.9137855379192;121.11100282186966;1.8355555555555574;0.056670897777777875;0.016799999999999926;961.5398486998906;172.25866820325902;2.314621192413094;0.0636849101445511;0.018643663987975564;0.07323589005210589;-1.0
49;5a4f50cbebd4d8179239db7c;2018-02-04;0;6;1.0;5902.44103174603;166.3806031746031;76.4;0.7563186666666659;32.460666666666675;833.7389523809519;129.52917671957687;2.039999999999998;0.05844071111111116;0.015644444444446983;978.449776982865;177.00995106488787;2.457921746180058;0.06629942721827442;0.017991057804351764;0.0730899209089924;-1.0
50;5a4f50cbebd4d8179239db7c;2018-02-04;0;6;1.0;5961.439611111111;169.34016666666665;76.2;0.7485757333333326;32.458000000000006;859.0428666666666;145.56910000000022;2.199999999999999;0.06026583111111119;0.014933333333334768;988.9861288734812;204.53075559336318;2.5650166363646814;0.07085370629243552;0.019369367924460288;0.08991989916548529;-1.0
51;5a4f50cbebd4d8179239db7c;2018-02-04;0;6;1.0;6045.802462962964;194.82153703703696;75.96666666666667;0.7505114666666659;32.455333333333336;882.772124691358;167.29904074074088;2.3777777777777773;0.06245966222222228;0.01386666666666656;1002.4100851740975;222.88506592669654;2.7099221687936974;0.07273948739104948;0.02029665053619766;0.10099571543797091;-1.0
52;5a4f50cbebd4d8179239db7c;2018-02-04;0;6;1.0;6112.725555555556;201.55344444444438;75.73333333333333;0.7491287999999994;32.45266666666667;883.9745185185187;164.82082222222238;2.5377777777777775;0.06105856000000009;0.0124444444444471;992.3142091668502;218.27251148179352;2.8276142415206813;0.07239336776938275;0.020833218390488576;0.10099571543797091;-1.0
53;5a4f50cbebd4d8179239db7c;2018-02-04;0;6;1.0;6178.382777777779;211.7239999999999;75.5;0.7502349333333327;32.45000000000001;879.8475555555556;172.717125925926;2.6666666666666665;0.06238592000000008;0.010666666666672597;981.0758753653581;224.66911238680026;2.9213837061606083;0.0736457499033243;0.02100902925755703;0.10266209700055678;-1.0
54;5a4f50cbebd4d8179239db7c;2018-02-04;0;6;1.0;6240.558472222224;218.54997222222218;75.26666666666667;0.7491287999999992;32.44733333333334;871.7419074074077;169.47420185185183;2.7644444444444445;0.0632708266666667;0.012444444444442837;969.2710969835335;222.25263414408494;2.993479503893402;0.07446188890062001;0.020833218390489266;0.10393716603728463;-1.0
55;5a4f50cbebd4d8179239db7c;2018-02-04;0;6;1.0;6311.491333333334;223.56616666666665;75.06666666666666;0.7593605333333324;32.44466666666668;865.9104259259259;170.73504074074074;2.795555555555556;0.0719355377777778;0.013866666666663245;959.3821806601795;221.48476127810366;3.00497671496324;0.0880593199671963;0.020296650536199074;0.11940835252481151;-1.0
56;5a4f50cbebd4d8179239db7c;2018-02-04;0;6;1.0;6335.078583333335;291.6201944444444;74.96666666666667;0.7626789333333327;32.44200000000001;805.2293611111112;241.9256907407408;2.704444444444444;0.07569639111111118;0.0149333333333324;915.3288561153893;309.2417129171534;2.953470586572198;0.09317162710897203;0.019369367924462512;0.11988440100075719;-1.0
57;5a4f50cbebd4d8179239db7c;2018-02-04;0;6;1.0;6353.00299074074;305.0408796296296;74.86666666666666;0.7698687999999992;32.439333333333344;756.7047641975308;245.0827222222223;2.617777777777779;0.08273877333333338;0.015644444444442247;879.1637424449068;296.2757123122495;2.897482061868645;0.09996593941538286;0.01799105780435496;0.11991409128090053;-1.0
58;5a4f50cbebd4d8179239db7c;2018-02-04;0;6;1.0;6332.490740740741;293.82507407407417;74.8;0.7726341333333324;32.43800000000001;775.8495308641976;227.0478666666667;2.5600000000000005;0.08192760888888892;0.016799999999999215;885.948790084833;270.15825379572357;2.8454440293454955;0.09949795007825393;0.018643663987978877;0.1237994641133742;-1.0
59;5a4f50cbebd4d8179239db7c;2018-02-04;0;6;1.0;6306.088166666667;297.62638888888904;74.73333333333333;0.7745698666666657;32.436666666666675;801.7182777777778;222.7779259259259;2.502222222222222;0.0801209244444445;0.017777777777778187;920.0486023518366;267.4276006709628;2.7907894487270872;0.09870168386913314;0.01917853205941836;0.12394315526412739;-1.0
60;5a4f50cbebd4d8179239db7c;2018-02-04;0;6;1.0;6275.291101851851;293.03099074074083;74.66666666666667;0.7773351999999991;32.43533333333334;832.5153425925928;219.75081851851849;2.4444444444444438;0.07770586666666673;0.018577777777779168;968.6463930815563;264.6267112666098;2.73336136795267;0.0976055823920771;0.019605300714145502;0.12389527673054342;-1.0
61;5a4f50cbebd4d8179239db7c;2018-02-04;0;6;1.0;6253.50099074074;301.5151759259261;74.6;0.7831423999999991;32.434000000000005;854.3054537037036;212.77430370370365;2.3866666666666676;0.07742933333333342;0.01920000000000215;999.9588525401654;258.0170197895638;2.672981029900305;0.09732434507414034;0.019930915164900708;0.12469719627852162;-1.0
62;5a4f50cbebd4d8179239db7c;2018-02-04;0;6;1.0;6260.484898148148;329.4635277777779;74.56666666666666;0.7836954666666657;32.43266666666668;847.3215462962963;218.2841148148148;2.357777777777778;0.07687626666666675;0.01964444444444619;983.6778162888409;263.2736729312724;2.6481396636433123;0.09696114768714942;0.02016027731975239;0.12404842299015674;-1.0
63;5a4f50cbebd4d8179239db7c;2018-02-04;0;6;1.0;6331.424166666666;384.5155740740742;74.6;0.7939271999999991;32.43133333333334;776.8449999999998;266.60798641975305;2.3866666666666676;0.0799181333333334;0.019911111111113655;913.7551999037045;362.2296217170336;2.6858505363195984;0.1017483813438649;0.020296650536200164;0.13288788723711745;-1.0
64;5a4f50cbebd4d8179239db7c;2018-02-04;0;6;1.0;6405.244546296295;395.89104629629657;74.58333333333333;0.7917149333333324;32.430000000000014;741.5855345679009;239.65884382716055;2.3722222222222227;0.07960472888888896;0.020000000000003126;889.007497789441;313.02641128932675;2.671959546118158;0.10166749099068115;0.020341905108627493;0.13924537294609315;-1.0
65;5a4f50cbebd4d8179239db7c;2018-02-04;0;6;1.0;6469.281972222222;420.3533611111113;74.56666666666666;0.7922679999999992;32.42866666666667;725.4315277777775;231.38753333333338;2.357777777777778;0.08019466666666678;0.019911111111114602;875.147220810948;300.99122316671424;2.6513930409260826;0.10201858653645697;0.020296650536200164;0.1402557950150737;-1.0
66;5a4f50cbebd4d8179239db7c;2018-02-04;0;6;1.0;6495.395277777778;421.4556111111113;74.56666666666666;0.7883965333333324;32.42733333333334;686.0478148148147;225.43542962962962;2.357777777777778;0.07995500444444455;0.019644444444448083;853.4729472781477;299.7424066094352;2.6513930409260826;0.10210539702839633;0.02016027731975239;0.1409899247581556;-1.0
67;5a4f50cbebd4d8179239db7c;2018-02-04;0;6;1.0;6512.852166666667;396.83750000000015;74.56666666666666;0.7870138666666658;32.42600000000001;659.1981333333333;243.4715000000001;2.357777777777778;0.08004718222222236;0.01920000000000499;843.8106814669338;314.4072977040593;2.6513930409260826;0.10215768022496956;0.019930915164900705;0.1411161128481767;-1.0
68;5a4f50cbebd4d8179239db7c;2018-02-04;0;6;1.0;6539.027712962962;422.17378703703713;74.4;0.7867373333333325;32.424666666666674;658.1139253086418;243.75002098765427;2.306666666666666;0.08028684444444459;0.018577777777782956;843.7906778878519;309.0206145304396;2.584436175421553;0.10242101301821892;0.019605300714145506;0.14138493769066468;-1.0
69;5a4f50cbebd4d8179239db7c;2018-02-04;0;6;1.0;6554.942749999999;428.98252777777793;74.2;0.7886730666666659;32.42333333333334;646.4041074074074;241.35741851851844;2.2666666666666666;0.07864608000000013;0.017777777777782926;841.4514838168845;307.7603405571809;2.5277767251902987;0.10136943033687718;0.019178532059418364;0.13990849038444808;-1.0
70;5a4f50cbebd4d8179239db7c;2018-02-04;0;6;1.0;6565.527740740741;448.86262962962974;74.0;0.788673066666666;32.422000000000004;624.4254543209875;239.82813827160487;2.2;0.07864608000000015;0.0168000000000049;837.099800024506;306.8650744544718;2.4530065999320803;0.10136943033687719;0.018643663987978877;0.13887845432955231;-1.0
71;5a4f50cbebd4d8179239db7c;2018-02-04;0;6;1.0;6585.190740740741;473.9997037037038;73.86666666666666;0.7947567999999993;32.41933333333334;635.5246172839506;225.42200123456783;2.191111111111111;0.0749958400000001;0.016355555555562517;841.8850536447836;297.3519027840105;2.449255106090961;0.09692850742914279;0.020160277319751785;0.1384934287638177;-1.0
72;5a4f50cbebd4d8179239db7c;2018-02-04;0;6;1.0;6608.566064814816;487.22826851851863;73.75;0.7914383999999992;32.41666666666667;644.0213765432093;223.35250493827152;2.216666666666667;0.07787178666666676;0.015555555555561302;857.0825977943997;290.3796695643387;2.4766147640792204;0.10112722033148355;0.021226745220211535;0.14294577387102508;-1.0
73;5a4f50cbebd4d8179239db7c;2018-02-04;0;6;1.0;6623.042787037035;466.6709907407408;73.71666666666667;0.7881199999999993;32.41400000000001;654.4149327160497;227.61900925925912;2.226666666666667;0.08019466666666678;0.014400000000008361;868.0117245714481;296.67588757443775;2.4798614162243346;0.10258115598679035;0.021908902300208588;0.1432111642575397;-1.0
74;5a4f50cbebd4d8179239db7c;2018-02-04;0;6;1.0;6611.591824074074;445.9423240740741;73.71666666666667;0.7944802666666659;32.41133333333334;646.038549382716;242.9099858024691;2.226666666666667;0.08740296888888897;0.01288888888889564;858.2352971345969;307.6632237090143;2.4798614162243346;0.1083350512332899;0.022242136670703076;0.1524578511684347;-1.0
75;5a4f50cbebd4d8179239db7c;2018-02-04;0;6;1.0;6570.928268518517;448.2858055555556;73.76666666666667;0.8022231999999991;32.40866666666667;618.9295123456792;236.16202222222216;2.2355555555555555;0.09175376000000007;0.01288888888888593;820.01266283206;305.33530344638456;2.480035224073174;0.11181626804299127;0.022242136670702767;0.1522085841287632;-1.0
76;5a4f50cbebd4d8179239db7c;2018-02-04;0;6;1.0;6445.687583333333;534.6340833333334;73.86666666666666;0.8116253333333324;32.406;610.4636777777775;296.33217777777764;2.224444444444444;0.09586488888888896;0.014399999999999125;779.922028573395;418.63511793460447;2.466790925730101;0.11587976675173621;0.021908902300207655;0.14851525953224826;-1.0
77;5a4f50cbebd4d8179239db7c;2018-02-04;0;6;1.0;6321.299305555556;554.3560833333335;74.0;0.8154967999999992;32.40333333333333;700.1314814814812;290.1090055555554;2.1666666666666665;0.09241744000000005;0.015555555555556329;849.2410275627228;367.02657365890866;2.4140393963016744;0.11266204351997416;0.021226745220209918;0.15369812258113477;-1.0
78;5a4f50cbebd4d8179239db7c;2018-02-04;0;6;1.0;6167.450972222223;494.4781203703704;74.13333333333334;0.8149437333333325;32.40066666666666;793.7758055555552;281.84722592592584;2.0911111111111107;0.09179063111111121;0.016355555555557545;953.3438386152018;348.3156475978713;2.3523038352503134;0.1125468291680779;0.020160277319749408;0.14479329186976436;-1.0
79;5a4f50cbebd4d8179239db7c;2018-02-04;0;6;1.0;6049.623564814814;486.8609907407408;74.23333333333333;0.8066477333333324;32.397999999999996;866.0195000000002;280.2420302469135;2.0355555555555553;0.09455596444444454;0.016799999999999926;1032.8672773400672;351.55955107308824;2.3220581437570647;0.11672862940818182;0.018643663987975564;0.14211323461871217;-1.0
80;5a4f50cbebd4d8179239db7c;2018-02-04;0;6;1.0;5933.45935185185;487.8457592592594;74.33333333333333;0.8113487999999991;32.39666666666666;940.0401913580249;273.39597160493827;1.9666666666666677;0.09048170666666676;0.017777777777778187;1115.1699750150444;343.20843687409536;2.2868941946384984;0.11069102145391176;0.01917853205941496;0.14232182600445165;-1.0
81;5a4f50cbebd4d8179239db7c;2018-02-04;0;6;1.0;5795.317916666665;460.2235833333334;74.46666666666667;0.8091365333333325;32.395333333333326;1000.8935925925929;286.75733888888885;1.8422222222222218;0.08992864000000009;0.018577777777778456;1170.7061578147998;354.5955470058335;2.200835786904498;0.11063383304294722;0.01960530071414202;0.14132617595062713;-1.0
82;5a4f50cbebd4d8179239db7c;2018-02-04;0;6;1.0;5672.697509259259;459.871675925926;74.56666666666666;0.8107957333333325;32.39399999999999;1063.1535820987656;290.691936419753;1.7200000000000009;0.08860128000000007;0.019200000000000727;1236.8416482004318;357.6317636841428;2.1039098796310634;0.11003587382897338;0.01993091516489717;0.1379611889851886;-1.0
83;5a4f50cbebd4d8179239db7c;2018-02-04;0;6;1.0;5542.882879629628;453.3071203703703;74.66666666666667;0.8091365333333325;32.392666666666656;1107.0837919753087;305.33277345679005;1.599999999999999;0.0874582755555556;0.019644444444445006;1275.5851778087886;371.56820278304997;1.9971243694688714;0.10985887578090213;0.020160277319748805;0.12343469789940459;-1.0
84;5a4f50cbebd4d8179239db7c;2018-02-04;0;6;1.0;5427.81273148148;449.716324074074;74.83333333333333;0.8146671999999993;32.39133333333333;1121.854512345679;300.86076975308623;1.477777777777779;0.08561472000000012;0.019911111111110814;1292.7404243261653;381.08544643156864;1.88612599376813;0.10729424519272161;0.020296650536196562;0.12316523152925589;-1.0
85;5a4f50cbebd4d8179239db7c;2018-02-04;0;6;1.0;5401.394138888888;517.6431944444444;74.8;0.8096895999999992;32.38999999999999;1090.9327499999997;335.59887962962955;1.5200000000000007;0.07953098666666682;0.019999999999999574;1232.6858134675736;471.5512127269856;1.945817796339556;0.10110374985971866;0.02034190510862388;0.1231652315292559;-1.0
86;5a4f50cbebd4d8179239db7c;2018-02-04;0;6;1.0;5486.23875;570.6897499999999;74.56666666666666;0.8069242666666661;32.38866666666666;1068.6668518518518;374.4725333333334;1.7866666666666675;0.07621258666666685;0.01991111111111034;1222.2508832936576;470.2266335048368;2.307160268760522;0.09835121483636347;0.020296650536196562;0.11924924738749003;-1.0
87;5a4f50cbebd4d8179239db7c;2018-02-04;0;6;1.0;5540.664277777777;585.4836666666667;74.4;0.8033293333333326;32.38733333333332;1101.270096296296;398.9974555555556;1.9533333333333323;0.07189866666666682;0.01964444444444311;1253.3907094015287;489.67503367315607;2.4508970912145895;0.09436496972680194;0.020160277319748808;0.11909989328464501;-1.0
88;5a4f50cbebd4d8179239db7c;2018-02-04;0;6;1.0;5562.893092592592;626.1674259259257;74.25;0.8038823999999992;32.38599999999999;1049.5558259259258;425.8157629629631;2.0166666666666666;0.07206458666666679;0.019199999999997885;1219.5149475687026;547.0755711423465;2.4870353490825594;0.09437167601146973;0.01993091516489717;0.11930893667831587;-1.0
89;5a4f50cbebd4d8179239db7c;2018-02-04;0;6;1.0;5561.202194444444;624.4459722222222;74.1;0.8066477333333327;32.38466666666666;1003.5669425925927;415.18672222222233;2.0600000000000005;0.07230424888888903;0.018577777777776562;1196.5688332938598;525.8770259742622;2.5134122979149964;0.0943549094060818;0.01960530071414202;0.11847054995957505;-1.0
90;5a4f50cbebd4d8179239db7c;2018-02-04;0;6;1.0;5557.249833333333;621.6002777777777;73.83333333333333;0.8083069333333327;32.383333333333326;1052.2969592592592;430.90362962962973;2.2222222222222228;0.07217520000000016;0.01777777777777582;1222.6076102116417;541.1660372495702;2.7207166060754493;0.0943045917041062;0.019178532059414957;0.11591901361280443;-1.0
91;5a4f50cbebd4d8179239db7c;2018-02-04;0;6;1.0;5530.041712962963;578.1331018518517;73.9;0.8083069333333326;32.38199999999999;1112.7640030864195;425.22712962962964;2.2799999999999994;0.07217520000000018;0.016799999999997085;1268.0672649323487;531.242399141549;2.799014604931651;0.0943045917041062;0.018643663987975564;0.10580414512967208;-1.0
92;5a4f50cbebd4d8179239db7c;2018-02-04;0;6;1.0;5467.203944444444;516.5504999999999;73.8;0.8121783999999993;32.37933333333333;1130.729459259259;408.32890000000003;2.246666666666667;0.07057130666666682;0.016355555555553992;1283.0700507826602;522.8831308488294;2.7748873851023212;0.09336035016097212;0.020160277319748808;0.09733409847849167;-1.0
93;5a4f50cbebd4d8179239db7c;2018-02-04;0;6;1.0;5354.213972222222;498.44524999999993;73.8;0.8069242666666661;32.37666666666666;1098.4533185185185;417.84233888888883;2.246666666666667;0.06566744888888906;0.015555555555552067;1235.0675938386398;533.102781715545;2.7748873851023212;0.08741554880980591;0.021226745220208842;0.09561210586170751;-1.0
94;5a4f50cbebd4d8179239db7c;2018-02-04;0;6;1.0;5267.733972222222;481.3250833333334;73.85;0.8083069333333327;32.37399999999999;1077.8404722222222;425.05049444444455;2.293333333333334;0.0641926044444446;0.01439999999999415;1211.079612568119;537.5751969346317;2.8380116886347713;0.08702781837888689;0.021908902300206173;0.09249587794729767;-1.0
95;5a4f50cbebd4d8179239db7c;2018-02-04;0;6;1.0;5199.891083333334;478.06136111111107;73.86666666666666;0.8055415999999994;32.371333333333325;1064.8267666666666;427.44389074074064;2.308888888888889;0.06332613333333346;0.012888888888884982;1201.8775691092367;540.5743449096937;2.861556525236997;0.0865538518091882;0.02224213667070095;0.09240603248855496;-1.0
96;5a4f50cbebd4d8179239db7c;2018-02-04;0;6;1.0;5130.380981481482;464.6338703703704;73.6;0.807753866666666;32.36866666666666;1040.3288345679014;432.538661728395;2.3;0.06111386666666677;0.01288888888888972;1186.3758098875694;543.7591654890099;2.8357325879470414;0.08539819061465813;0.02224213667070095;0.0914119044416819;-1.0
97;5a4f50cbebd4d8179239db7c;2018-02-04;0;6;1.0;5053.953074074074;457.97559259259253;73.33333333333333;0.8099661333333328;32.36599999999999;1000.3579839506173;436.30019506172835;2.255555555555555;0.06021052444444456;0.014400000000002678;1154.8879258025775;547.576264777563;2.7833660263755484;0.08506405518752995;0.02190890230020618;0.09056421172124046;-1.0
98;5a4f50cbebd4d8179239db7c;2018-02-04;0;6;1.0;4970.119601851851;423.35360185185186;73.23333333333333;0.8185386666666662;32.36333333333333;942.9588555555554;433.79443209876547;2.348888888888889;0.060284266666666794;0.015555555555555855;1106.141704977493;552.9016431749852;2.8488755595889037;0.0853662259651921;0.02122674522020884;0.09309688050479534;-1.0
99;5a4f50cbebd4d8179239db7c;2018-02-04;0;6;1.0;4906.187453703704;421.8352870370371;73.16666666666667;0.8235162666666661;32.36066666666667;903.4671666666666;439.5154382716049;2.4111111111111114;0.06124291555555567;0.016355555555553992;1082.2704611040701;556.179831618902;2.90164440100524;0.08637773344581799;0.020160277319748805;0.09284161026697847;-1.0
100;5a4f50cbebd4d8179239db7c;2018-02-04;0;6;1.0;4846.608398148148;394.36934259259255;73.13333333333334;0.8287703999999996;32.358;859.778748765432;437.4155055555555;2.4422222222222225;0.061777546666666745;0.016799999999999926;1065.474643429274;560.416660191972;2.921186973360886;0.08737255261970293;0.018643663987975564;0.085828317821905;-1.0
101;5a4f50cbebd4d8179239db7c;2018-02-04;0;6;1.0;4757.91624074074;387.6241296296295;73.06666666666666;0.8320887999999993;32.35666666666667;769.0937098765429;441.4626333333334;2.5044444444444443;0.06404511999999989;0.01777777777777582;979.2318382866921;564.079287675833;2.9703515794846784;0.08863462700882258;0.01917853205941495;0.08471506294103459;-1.0
102;5a4f50cbebd4d8179239db7c;2018-02-04;0;6;1.0;4655.465509259259;399.362824074074;73.11666666666666;0.8395551999999994;32.355333333333334;654.5994567901234;447.994138888889;2.4577777777777774;0.057518933333333216;0.018577777777776562;850.0162276851839;566.763254364792;2.955658901197817;0.07928560204571646;0.01960530071414202;0.06771319489200582;-1.0
103;5a4f50cbebd4d8179239db7c;2018-02-04;0;6;1.0;4542.454972222221;414.9894722222222;73.18333333333334;0.8417674666666659;32.354;514.2699611111107;492.11092777777776;2.5166666666666666;0.055306666666666573;0.019199999999999308;684.3638884971579;603.7486191726625;2.9754261744395922;0.07602577209293193;0.01993091516489717;0.06937511559431193;-1.0
104;5a4f50cbebd4d8179239db7c;2018-02-04;0;6;1.0;4459.708601851852;375.6518981481482;73.11666666666666;0.8351306666666661;32.35266666666667;403.71198580246914;459.5302654320987;2.5833333333333335;0.05235697777777769;0.01964444444444311;622.8882060670528;606.5509565130124;3.0019629593310118;0.07223529330780325;0.020160277319748808;0.06916955924443187;-1.0
105;5a4f50cbebd4d8179239db7c;2018-02-04;0;6;1.0;4410.610916666667;270.80810185185186;73.0;0.8307061333333328;32.35133333333333;411.5563259259262;356.65098148148144;2.6;0.04771121777777768;0.019911111111110814;647.0491925276444;532.0413721460219;3.0143335742003945;0.06812318633269834;0.020296650536196562;0.057145095308286244;-1.0
106;5a4f50cbebd4d8179239db7c;2018-02-04;0;6;1.0;4435.328833333333;269.2776851851852;72.9;0.8257285333333326;32.35;400.45402592592575;357.2631481481482;2.566666666666667;0.04336042666666679;0.019999999999999574;633.2965938253202;532.7342806277258;2.9953987702981126;0.06071845522303138;0.02034190510862388;0.05647670862735649;-1.0
107;5a4f50cbebd4d8179239db7c;2018-02-04;0;6;1.0;4457.045555555555;270.63133333333343;72.76666666666667;0.8290469333333327;32.34866666666667;391.6744444444443;356.7216888888889;2.551111111111111;0.04273361777777788;0.019911111111110814;623.3155326226714;532.560279180313;2.9877143072270473;0.060843401160306815;0.02029665053619656;0.04313479871447101;-1.0
108;5a4f50cbebd4d8179239db7c;2018-02-04;0;6;1.0;4477.470767195768;268.62175661375665;72.63333333333334;0.8287703999999994;32.34733333333334;383.50435978836015;358.86555061728393;2.517777777777779;0.04302858666666674;0.019644444444445006;612.4065046372374;534.0003208409211;2.9738322348309327;0.06085965128777002;0.0201602773197488;0.03969664322819002;-1.0
109;5a4f50cbebd4d8179239db7c;2018-02-04;0;6;1.0;4503.0504788359785;257.09858465608465;72.51666666666667;0.8337479999999995;32.346;373.27247513227496;362.1347883597882;2.453333333333333;0.03816159999999989;0.019199999999999308;597.6880954916091;536.7900816021113;2.9463107654211873;0.04904351861146486;0.01993091516489717;0.03969664322819002;-1.0
110;5a4f50cbebd4d8179239db7c;2018-02-04;0;6;1.0;4540.79043121693;256.8354153439154;72.4;0.8351306666666662;32.34466666666667;358.17649417989367;362.240056084656;2.373333333333335;0.036871111111111;0.018577777777778456;558.0303698195813;537.0078187873995;2.913701284005241;0.04679421433536801;0.019605300714142022;0.03957689440866324;-1.0
111;5a4f50cbebd4d8179239db7c;2018-02-04;0;6;1.0;4589.2479814814815;264.3970873015874;72.3;0.8356837333333329;32.343333333333334;338.79347407407414;372.9184984126984;2.2666666666666657;0.03635491555555541;0.017777777777778187;502.4036043609718;545.3340080324261;2.872581441479255;0.04621243224197933;0.019178532059414957;0.03969664322819001;-1.0
112;5a4f50cbebd4d8179239db7c;2018-02-04;0;6;1.0;4648.420511904761;286.90507539682557;72.23333333333333;0.8384490666666663;32.342;348.25972407407363;416.174155026455;2.193333333333334;0.03650239999999985;0.016799999999999926;479.3270428255468;598.0368495361438;2.854921139478931;0.04626375849404578;0.018643663987975564;0.04156573209284041;-1.0
113;5a4f50cbebd4d8179239db7c;2018-02-04;0;6;1.0;4682.280317460317;249.78999206349218;72.16666666666667;0.8417674666666662;32.34066666666667;417.2488915343911;369.4800211640212;2.1111111111111134;0.03679736888888871;0.015644444444446983;584.833307191841;618.0011446529038;2.8355299125661624;0.046712997818840286;0.017991057804351764;0.0415657320928404;-1.0
114;5a4f50cbebd4d8179239db7c;2018-02-04;0;6;1.0;4659.410761904762;127.87510317460331;72.05;0.8425970666666662;32.339333333333336;404.2124682539682;177.7907015873016;1.9399999999999986;0.03757166222222203;0.014311111111113207;638.7884232334085;358.74595042212553;2.7428590671175512;0.04701431250230461;0.017207322686082688;0.04182187391372082;-1.0
115;5a4f50cbebd4d8179239db7c;2018-02-04;0;6;1.0;4553.758558201059;135.93141798941804;72.11666666666666;0.8398317333333327;32.338;249.29881040564422;189.7147514991181;1.9633333333333307;0.038991199999999795;0.012800000000001432;422.4367829068499;390.6647285252686;2.740762961147024;0.04821058525557477;0.0162735240868991;0.04509829835156625;-1.0
116;5a4f50cbebd4d8179239db7c;2018-02-04;0;6;1.0;4444.96041005291;78.58373280423284;72.28333333333333;0.8370663999999994;32.336666666666666;78.356724867725;89.5034594356261;1.9111111111111105;0.04004202666666643;0.011111111111111663;125.72000885138468;179.29882146670073;2.6316486681629216;0.04921741521439532;0.015161960871577744;0.04443563672052654;-1.0
117;5a4f50cbebd4d8179239db7c;2018-02-04;0;6;1.0;4407.605257275132;31.215385582010608;72.35;0.8362367999999994;32.33533333333334;30.666186992945253;23.021024294532705;1.8666666666666647;0.03959957333333313;0.00924444444444911;40.08015263017394;29.128975257437986;2.5969146149308373;0.049123297636134544;0.01382983614567012;0.04496654727146866;-1.0
118;5a4f50cbebd4d8179239db7c;2018-02-04;0;6;1.0;4404.064127645503;33.60299669312171;72.36666666666666;0.8412143999999994;32.334;32.88527985008814;25.95527985008827;1.8555555555555534;0.043360426666666424;0.007200000000003826;42.34496370809568;32.4776266826711;2.592872635851427;0.054010851012965995;0.012205143065174326;0.051186364046256;-1.0
119;5a4f50cbebd4d8179239db7c;2018-02-04;0;6;1.0;4405.410636904762;35.25797817460319;72.41666666666667;0.8412143999999994;32.33266666666667;31.718305158730164;25.722589550264622;1.8611111111111123;0.04336042666666644;0.004977777777780546;41.04195655107291;32.14575270346056;2.5900450446533423;0.054010851012965995;0.010148325268098281;0.055201675057043646;-1.0
120;5a4f50cbebd4d8179239db7c;2018-02-04;0;6;1.0;4440.263942460318;83.17367261904765;72.58333333333333;0.8417674666666659;32.33133333333334;72.91644801587303;92.34921507936502;1.772222222222221;0.04313919999999978;0.002577777777785902;112.95238520757833;180.29324885246837;2.4532994437939166;0.053972756384177104;0.0073029674334020595;0.05511562406933001;-1.0
121;5a4f50cbebd4d8179239db7c;2018-02-04;0;6;1.0;4446.230437830687;104.56711243386248;72.43333333333334;0.8417674666666658;32.330000000000005;75.89106790123427;122.95748104056439;1.5866666666666673;0.04313919999999974;7.105427357601002e-15;109.6297697524467;223.31761580714974;2.2388934048232216;0.05397275638417709;7.226896453227138e-15;0.055115624069330016;-1.0
122;5a4f50cbebd4d8179239db7c;2018-02-04;0;6;1.0;4450.083011904762;119.18796428571429;72.5;0.8456389333333324;32.32833333333334;75.98638888888897;140.9874563492063;1.6666666666666667;0.04701066666666641;0.003222222222214081;102.19017288001069;239.85195112800562;2.2856373139749193;0.058293621118427966;0.009128709291752251;0.05794926932388707;-1.0
123;5a4f50cbebd4d8179239db7c;2018-02-04;0;6;1.0;4438.027974867725;110.60403835978835;72.51666666666667;0.8456389333333326;32.326666666666675;69.68746137566134;129.2858291005291;1.6877777777777776;0.04701066666666641;0.006222222222213247;95.09663481031689;229.9137781396445;2.3285459919833253;0.05829362111842796;0.012685406585122398;0.06280370343571591;-1.0
124;5a4f50cbebd4d8179239db7c;2018-02-04;0;6;1.0;4430.332243386243;108.61506613756616;72.53333333333333;0.844256266666666;32.32500000000001;71.3711350970016;125.11319576719579;1.7088888888888885;0.048393333333333094;0.008999999999990394;99.6967212082814;227.03195919291446;2.370556945083804;0.05977105094639682;0.01525642883146737;0.06392729349438486;-1.0
125;5a4f50cbebd4d8179239db7c;2018-02-04;0;6;1.0;4424.235965608465;108.6293068783069;72.56666666666666;0.8439797333333326;32.323333333333345;76.65457583774236;125.10749947089947;1.7511111111111102;0.048669866666666416;0.01155555555554552;107.54781118216586;227.02841683196607;2.4555824273420885;0.06009772704115043;0.017287295182087038;0.06364825552557002;-1.0
126;5a4f50cbebd4d8179239db7c;2018-02-04;0;6;1.0;4418.860947089947;108.15969576719581;72.91666666666667;0.8439797333333325;32.32166666666667;81.31292522045848;125.29534391534392;2.000000000000001;0.048669866666666416;0.013888888888883363;113.45344920291443;227.22179432992124;2.8011184137440694;0.06009772704115045;0.01895245108947151;0.06006085888209691;-1.0
127;5a4f50cbebd4d8179239db7c;2018-02-04;0;6;1.0;4412.8233558201055;108.20900925925932;73.26666666666667;0.8428735999999993;32.32000000000001;86.99655687830673;125.27561851851851;2.291111111111111;0.04977599999999978;0.015999999999993974;119.01419273769663;227.20298716964479;3.0674411815548885;0.06067414183619413;0.020341905108623153;0.0597439128233853;-1.0
128;5a4f50cbebd4d8179239db7c;2018-02-04;0;6;1.0;4406.585634920634;108.21550000000009;73.65;0.8428735999999993;32.31833333333334;93.14106878306869;125.27302222222221;2.6200000000000028;0.04977599999999978;0.017888888888882567;123.93932986764845;227.21962802874887;3.3506304090321626;0.06067414183619413;0.021509153357602593;0.0658474586297754;-1.0
129;5a4f50cbebd4d8179239db7c;2018-02-04;0;6;1.0;4400.2747698412695;107.48961904761914;74.03333333333333;0.8412143999999994;32.31666666666668;98.76013333333337;125.56337460317458;2.9133333333333327;0.04811679999999982;0.01955555555554914;127.91391638878511;227.51319146580383;3.569345862347536;0.05936933914450417;0.0224888222554389;0.06760796841833919;-1.0
130;5a4f50cbebd4d8179239db7c;2018-02-04;0;6;1.0;4394.357992063493;106.83419047619054;74.4;0.8365133333333324;32.31500000000001;104.50944338624328;125.825546031746;3.200000000000002;0.047195022222222036;0.02099999999999369;131.03090374709453;227.735252412544;3.8042625820391858;0.058421721990778414;0.023304579984968626;0.06823689329549427;-1.0
131;5a4f50cbebd4d8179239db7c;2018-02-04;0;6;1.0;4388.386113756614;105.21858201058207;74.85;0.8315357333333325;32.31333333333334;109.82778024691355;126.47178941798938;3.4766666666666652;0.04643916444444427;0.02222222222221859;134.45762360932062;228.23972429477809;4.055966231240777;0.058079491799176104;0.02397316507426784;0.06654655291883489;-1.0
132;5a4f50cbebd4d8179239db7c;2018-02-04;0;6;1.0;4385.031962962964;103.66455820105821;75.2;0.8268346666666659;32.311666666666675;116.28146701940025;127.09339894179897;3.800000000000001;0.04977599999999993;0.02322222222221863;137.4211249568724;228.75149966238206;4.334305814839525;0.06239932930968763;0.024506625892676652;0.0673441829082972;-1.0
133;5a4f50cbebd4d8179239db7c;2018-02-04;0;6;1.0;4379.9873994709005;103.80455026455026;75.43333333333334;0.8246223999999992;32.31000000000001;120.07693915343916;127.03740211640215;4.0822222222222235;0.051988266666666595;0.023999999999996646;139.5706821015556;228.68750549676463;4.508102539400267;0.06581501346464738;0.024913643956120574;0.0667246280376189;-1.0
134;5a4f50cbebd4d8179239db7c;2018-02-04;0;6;1.0;4374.8769523809515;104.18711904761903;75.8;0.8218570666666659;32.308333333333344;121.69095555555548;126.8843746031746;4.226666666666666;0.05475359999999994;0.024555555555552645;140.54556898321457;228.5131585757294;4.581823157682525;0.06940703631175735;0.02520034664968511;0.06665345508078989;-1.0
135;5a4f50cbebd4d8179239db7c;2018-02-04;0;6;1.0;4369.315976190474;103.59055555555557;76.1;0.8179855999999993;32.30666666666668;121.17186825396799;127.12299999999998;4.246666666666666;0.05807199999999994;0.024888888888886622;140.49017394561503;228.76080999849083;4.551240831185303;0.07214543611421542;0.0253708131702448;0.0664394787498495;-1.0
136;5a4f50cbebd4d8179239db7c;2018-02-04;0;6;1.0;4364.47569047619;103.65303174603177;76.36666666666666;0.8127314666666658;32.305000000000014;121.18925714285703;127.09800952380952;4.257777777777777;0.061095431111111057;0.02499999999999858;141.01651404472767;228.79122650964845;4.537075872328384;0.07567377609993428;0.02542738138577895;0.06572119301286658;-1.0
137;5a4f50cbebd4d8179239db7c;2018-02-04;0;6;1.0;4359.858682539682;103.78861111111112;76.65;0.8066477333333327;32.30333333333334;118.0886021164021;127.04377777777775;4.183333333333334;0.061925031111111105;0.02488888888888804;139.7834216533034;228.71833451741762;4.455043635375914;0.07744687009945785;0.025370813170244803;0.06528642841911418;-1.0
138;5a4f50cbebd4d8179239db7c;2018-02-04;0;6;1.0;4358.087943121693;102.27508597883597;76.91666666666667;0.8030527999999992;32.30166666666667;115.77773809523799;127.64918783068785;4.055555555555555;0.06382389333333328;0.02455555555555454;139.81708139960827;229.04212627465222;4.3432137579362164;0.07922571412868426;0.02520034664968511;0.06535909002025536;-1.0
139;5a4f50cbebd4d8179239db7c;2018-02-04;0;6;1.0;4354.870887566138;101.94888227513226;77.16666666666667;0.8019466666666658;32.300000000000004;108.87682698412704;127.77966931216933;3.9111111111111105;0.06470879999999996;0.023999999999999487;136.32551524086787;229.19875463307173;4.235183775138383;0.07979085171887182;0.024913643956120574;0.06557659175293433;-1.0
140;5a4f50cbebd4d8179239db7c;2018-02-04;0;6;1.0;4351.633924603176;102.40362301587302;77.41666666666667;0.7986282666666659;32.29833333333334;105.17461481481487;127.597773015873;3.7333333333333325;0.06736351999999998;0.023222222222222418;132.9365864260412;229.11781990579325;4.108618639693489;0.08275759769139375;0.024506625892676655;0.06492190056495192;-1.0
141;5a4f50cbebd4d8179239db7c;2018-02-04;0;6;1.0;4349.177461640212;102.50453042328041;77.61666666666666;0.794756799999999;32.296666666666674;102.55438765432096;127.55741005291003;3.5188888888888905;0.07068192000000004;0.022222222222223326;131.83813675673113;229.23277827986342;3.979870326542305;0.085534716364841;0.023973165074267846;0.06484874910446446;-1.0
142;5a4f50cbebd4d8179239db7c;2018-02-04;0;6;1.0;4350.10673941799;100.16108597883597;77.81666666666666;0.7897791999999992;32.29500000000001;107.26123809523818;128.49478783068784;3.277777777777779;0.06935456000000008;0.02100000000000222;134.01755244513677;230.02424546170622;3.8360435197032725;0.08478227045889679;0.023304579984968626;0.06534093219520148;-1.0
143;5a4f50cbebd4d8179239db7c;2018-02-04;0;6;1.0;4353.063938492063;97.59263690476192;78.01666666666667;0.7831423999999991;32.293333333333344;110.55779365079358;128.64008412698414;3.0133333333333336;0.06758474666666674;0.019555555555559087;134.98122765628523;230.33788788832385;3.675368462254272;0.08397223019201466;0.022488822255438905;0.06340542930739576;-1.0
144;5a4f50cbebd4d8179239db7c;2018-02-04;0;6;1.0;4357.418938492064;98.23833134920639;78.2;0.7784413333333323;32.29166666666667;110.7403088624339;129.467223015873;2.7933333333333326;0.06544622222222234;0.017888888888890144;134.88085435560657;230.28889511548164;3.524789061920512;0.08281922999306193;0.021509153357602596;0.06370416089912855;-1.0
145;5a4f50cbebd4d8179239db7c;2018-02-04;0;6;1.0;4363.606716269841;95.44277579365082;78.23333333333333;0.775675999999999;32.290000000000006;115.67014484126985;128.97329695767198;2.753333333333333;0.06775066666666678;0.016000000000002502;136.5977486568955;230.46725973905234;3.4783402039927958;0.08414586234341682;0.020341905108623156;0.06333052623422167;-1.0
146;5a4f50cbebd4d8179239db7c;2018-02-04;0;6;1.0;4382.445966269841;112.09660912698415;78.26666666666667;0.7745698666666657;32.28833333333334;135.37868148148146;146.53833240740738;2.7133333333333334;0.06835904000000008;0.013888888888892836;157.33248763078655;237.44583325198388;3.430927624974927;0.08430740872247743;0.018952451089471505;0.05906475567340147;-1.0
147;5a4f50cbebd4d8179239db7c;2018-02-04;0;6;1.0;4428.526026455026;136.9299100529101;78.33333333333333;0.7740167999999993;32.28666666666667;185.90670299823626;179.49156649029985;2.633333333333334;0.06769536000000012;0.01155555555555594;238.4515430933721;264.28061092420114;3.3226841386230905;0.08398777288613161;0.017287295182087038;0.05635050353414523;-1.0
148;5a4f50cbebd4d8179239db7c;2018-02-04;0;6;1.0;4470.0173597883595;125.80098412698416;78.36666666666666;0.7679330666666657;32.285000000000004;239.24351005291;159.11191957671952;2.5933333333333346;0.06063454222222234;0.009000000000001762;332.5293940822148;234.17419597568596;3.2614079182456464;0.07611780388542645;0.015256428831467366;0.056686426053850054;-1.0
149;5a4f50cbebd4d8179239db7c;2018-02-04;0;6;1.0;4510.729572751323;108.57199338624348;78.36666666666666;0.7657207999999991;32.28333333333333;296.2406082010583;139.46199241622577;2.5933333333333346;0.058127306666666795;0.0062222222222194055;418.146632738641;214.76457360632116;3.2614079182456464;0.07471642757021502;0.0126854065851224;0.05660263232577515;-1.0
150;5a4f50cbebd4d8179239db7c;2018-02-04;0;6;1.0;4536.13423941799;61.33453042328047;78.4;0.7668269333333325;32.281666666666666;375.6018919753091;76.24434876543211;2.5533333333333323;0.05938092444444458;0.0032222222222207126;519.7239094441406;109.64042923515107;3.209361307176242;0.07618013508055736;0.00912870929175225;0.05660263232577515;-1.0
151;5a4f50cbebd4d8179239db7c;2018-02-04;0;6;1.0;4561.834239417991;100.32036375661376;78.41666666666667;0.7684861333333326;32.278;391.3254104938279;131.08935449735458;2.5333333333333323;0.061261351111111265;0.0038666666666690237;502.11607889194914;210.27853528001546;3.1842373994556303;0.07883784234513776;0.010954451150103735;0.05132526895305515;-1.0
152;5a4f50cbebd4d8179239db7c;2018-02-04;0;6;1.0;4587.867202380953;111.08323412698415;78.35;0.7568717333333325;32.275999999999996;406.12814021164087;141.03513888888898;2.6133333333333346;0.05847758222222231;0.007466666666671055;496.22059093451224;209.3592927195854;3.277798882976406;0.07486028197452742;0.015222487902148325;0.07455266795383285;-1.0
153;5a4f50cbebd4d8179239db7c;2018-02-04;0;6;1.0;4620.68952910053;132.89926455026455;78.1;0.7568717333333326;32.273999999999994;426.18909735449785;167.43463950617289;2.8866666666666676;0.05847758222222231;0.010800000000006093;504.1257490140884;229.95543742177736;3.5413809891544896;0.07486028197452739;0.018307714597762575;0.08461695629209258;-1.0
154;5a4f50cbebd4d8179239db7c;2018-02-04;0;6;1.0;4682.293033068782;150.38833730158728;77.81666666666666;0.757977866666666;32.272;481.577959435626;184.57823862433852;3.2111111111111126;0.0596574577777779;0.01386666666666893;547.273233266243;245.88615686512586;3.8360435197032725;0.07520188524954055;0.02074475421850641;0.08471506294103442;-1.0
155;5a4f50cbebd4d8179239db7c;2018-02-04;0;6;1.0;4782.877456349206;163.42416269841266;77.51666666666667;0.7541063999999992;32.269999999999996;577.498032010582;195.42277962962967;3.5122222222222224;0.06210938666666677;0.016666666666670455;663.6290567167952;269.32461690311175;4.084207037655753;0.07743665499045238;0.022742941307367964;0.08867076643948388;-1.0
156;5a4f50cbebd4d8179239db7c;2018-02-04;0;6;1.0;4856.901059523809;183.6204801587301;77.16666666666667;0.7535533333333325;32.267999999999994;631.2037230158729;214.09902169312164;3.7333333333333325;0.061482577777777866;0.01920000000000499;720.861188286153;283.9696124868438;4.265606908618113;0.07718288776814386;0.024410286130350102;0.0873358759921164;-1.0
157;5a4f50cbebd4d8179239db7c;2018-02-04;0;6;1.0;4913.415674603175;205.26102380952372;76.81666666666666;0.755765599999999;32.26599999999999;656.704126984127;232.21783015873012;3.9077777777777785;0.06398981333333342;0.021466666666672532;731.4459445969336;309.63593155199845;4.410964655877703;0.07937385424537181;0.02581098402912555;0.08733587599211647;-1.0
158;5a4f50cbebd4d8179239db7c;2018-02-04;0;6;1.0;4957.26417063492;197.21471031746026;76.4;0.7496818666666658;32.263999999999996;660.6646632275134;223.26687671957663;4.04;0.05709491555555566;0.023466666666669765;721.7050239960704;302.1810283392122;4.541760254229251;0.07084700702301794;0.026986586706529234;0.08793166251913648;-1.0
159;5a4f50cbebd4d8179239db7c;2018-02-04;0;6;1.0;4988.137064814815;205.004787037037;75.98333333333333;0.7485757333333325;32.26199999999999;645.1875358024691;213.5600907407407;4.116666666666666;0.05584129777777789;0.025200000000003796;699.3179298398522;291.90174205860075;4.630266495148196;0.0692615640193694;0.027965495981964995;0.08873765244615828;-1.0
160;5a4f50cbebd4d8179239db7c;2018-02-04;0;6;1.0;5029.865898148148;207.07871296296295;75.55;0.7518941333333325;32.26;636.9078981481482;212.97360555555537;4.12;0.05960215111111123;0.026666666666668466;690.1942241977938;291.1769641700651;4.656012057100161;0.0730893797406858;0.028767798089124143;0.08856364375894925;-1.0
161;5a4f50cbebd4d8179239db7c;2018-02-04;0;6;1.0;5106.306814814815;259.2847407407407;75.06666666666666;0.7546594666666658;32.257999999999996;655.0817037037036;258.18854320987646;4.0088888888888885;0.06273619555555565;0.027866666666668986;707.6167490768529;329.6891180395202;4.553765651545477;0.07507554675113341;0.029407951071214772;0.08876439273678965;-1.0
162;5a4f50cbebd4d8179239db7c;2018-02-04;0;6;1.0;5168.902481481481;266.59981481481475;74.58333333333333;0.7582543999999992;32.25599999999999;656.1014271604937;253.68367901234564;3.8333333333333326;0.0632708266666668;0.02880000000000251;711.7795837145836;326.4557045339232;4.3945172214016175;0.07520556693701105;0.029896372747347525;0.08897802575994779;-1.0
163;5a4f50cbebd4d8179239db7c;2018-02-04;0;6;1.0;5215.894814814816;289.133037037037;74.18333333333334;0.7659973333333328;32.254;636.4426172839504;279.06629135802467;3.6322222222222234;0.06710542222222235;0.029466666666668098;694.7129365137702;348.94155393439235;4.239557827735417;0.08044253884663238;0.030240415979624992;0.09150272602835768;-1.0
164;5a4f50cbebd4d8179239db7c;2018-02-04;0;6;1.0;5260.138537037037;293.31979629629643;73.81666666666666;0.7726341333333326;32.251999999999995;608.4156074074073;272.83081604938275;3.4166666666666665;0.06913333333333345;0.029866666666668113;672.9226594944939;343.2930761395907;4.00965071428606;0.08272317830039866;0.030444975804296653;0.09159345755885735;-1.0
165;5a4f50cbebd4d8179239db7c;2018-02-04;0;6;1.0;5305.912833333334;297.7292777777777;73.51666666666667;0.7825893333333325;32.24999999999999;576.3279666666664;267.6980851851851;3.2844444444444445;0.07503271111111123;0.030000000000001137;649.5984888742659;338.5785919742038;3.8651478388403144;0.09272224365101485;0.030512857662937622;0.09408581696771706;-1.0
166;5a4f50cbebd4d8179239db7c;2018-02-04;0;6;1.0;5359.956499999999;294.8845;73.21666666666667;0.7872903999999994;32.248;543.9244444444446;269.78425555555555;3.1122222222222224;0.07377909333333352;0.02986666666666764;627.768814224096;339.97963601601833;3.689882096362629;0.09135606927107838;0.030444975804296646;0.09995644281730738;-1.0
167;5a4f50cbebd4d8179239db7c;2018-02-04;0;6;1.0;5361.624870370369;362.34131481481467;72.9;0.7875669333333325;32.245999999999995;489.3432666666669;301.6702814814814;2.966666666666667;0.0735209955555557;0.02946666666666715;589.947010427964;372.24297434427064;3.536509091141169;0.09108506540475507;0.030240415979625002;0.10240749553385843;-1.0
168;5a4f50cbebd4d8179239db7c;2018-02-04;0;6;1.0;5354.137277777777;377.4048333333333;72.6;0.790332266666666;32.24399999999999;498.32837777777786;295.1215148148148;2.8399999999999994;0.07134560000000016;0.02879999999999967;582.5536370047022;353.067998236996;3.379451087850276;0.0900104684604972;0.02989637274734752;0.1030658485890419;-1.0
169;5a4f50cbebd4d8179239db7c;2018-02-04;0;6;1.0;5380.597749999999;436.6385462962963;72.33333333333333;0.7953098666666659;32.24199999999999;467.64788333333325;336.32701481481485;2.644444444444444;0.07307854222222239;0.027866666666665197;554.705611880256;399.4455496666569;3.165910375507672;0.09162540821369604;0.029407951071214775;0.1047106202695857;-1.0
170;5a4f50cbebd4d8179239db7c;2018-02-04;0;6;1.0;5467.280157407407;482.6298425925926;72.1;0.8063711999999993;32.239999999999995;398.5015148148147;361.3264327160495;2.3866666666666654;0.07632320000000005;0.0266666666666661;507.0704954567445;443.9556737738204;2.904811703791273;0.09712418443749359;0.028767798089124143;0.10650835882366387;-1.0
171;5a4f50cbebd4d8179239db7c;2018-02-04;0;6;1.0;5548.841435185184;479.61699074074056;71.9;0.811901866666666;32.23799999999999;391.50363271604937;349.7112962962963;2.153333333333334;0.07307854222222225;0.025199999999998113;513.7950355989335;427.17673044319935;2.6826389477784613;0.09438131546084495;0.027965495981965002;0.11070388477499718;-1.0
172;5a4f50cbebd4d8179239db7c;2018-02-04;0;6;1.0;5617.501129629629;493.10590740740736;71.66666666666667;0.8130079999999993;32.236;373.958998765432;345.2187555555556;1.9333333333333342;0.07189866666666671;0.023466666666666452;495.99507249403354;422.78261355802294;2.4259137394524912;0.0935799755768589;0.02698658670652924;0.1116006329187342;-1.0
173;5a4f50cbebd4d8179239db7c;2018-02-04;0;6;1.0;5650.268046296297;509.37204629629633;71.46666666666667;0.8179855999999993;32.233999999999995;314.1867320987653;335.9491777777777;1.6933333333333338;0.06913333333333335;0.021466666666664955;398.44360066333076;412.3604372397478;2.1129050655654065;0.09112848018181946;0.025810984029125558;0.11249023260465002;-1.0
174;5a4f50cbebd4d8179239db7c;2018-02-04;0;6;1.0;5646.006268518519;532.8693796296296;71.3;0.8257285333333326;32.22966666666666;273.489535802469;349.644463580247;1.4933333333333327;0.07049756444444447;0.020133333333330228;330.19175276128436;421.9976299363051;1.7449434335263985;0.09324292024441175;0.028585423501876935;0.11416553303653967;-1.0
175;5a4f50cbebd4d8179239db7c;2018-02-04;0;6;1.0;5616.02225925926;519.9182037037036;71.26666666666667;0.8295999999999993;32.22533333333333;305.49877283950605;337.55113086419766;1.4533333333333331;0.066368;0.01822222222222223;415.21136490554534;414.26381755640654;1.7005746155310284;0.09006494198881304;0.03048270661045204;0.11683667339230137;-1.0
176;5a4f50cbebd4d8179239db7c;2018-02-04;0;6;1.0;5554.723898148149;489.79937962962947;71.26666666666667;0.8367898666666661;32.221;403.89730308641964;342.98320432098757;1.4533333333333331;0.0685065244444443;0.015733333333331954;571.1824801056886;420.4846656242619;1.7005746155310284;0.09180653911490973;0.03166091901861803;0.11992398640748256;-1.0
177;5a4f50cbebd4d8179239db7c;2018-02-04;0;6;1.0;5473.886601851851;489.2725462962962;71.26666666666667;0.8367898666666661;32.21666666666667;490.4167388888891;343.4397932098764;1.4533333333333331;0.0685065244444443;0.01777777777777582;691.4212090051643;418.4638011575374;1.7005746155310284;0.09180653911490973;0.03219909329772249;0.12308813278521906;-1.0
178;5a4f50cbebd4d8179239db7c;2018-02-04;0;6;1.0;5384.456111111111;487.3781666666666;71.33333333333333;0.8412143999999995;32.21233333333334;573.2337222222221;350.3857555555556;1.5333333333333323;0.06913333333333317;0.020777777777772382;781.659779600641;425.178806603853;1.8067561584486036;0.09216429976559652;0.0321294078777487;0.12308813278521906;-1.0
179;5a4f50cbebd4d8179239db7c;2018-02-04;0;6;1.0;5306.791601851853;481.9710648148147;71.4;0.844256266666666;32.208000000000006;656.7536419753083;357.7004845679011;1.6133333333333344;0.06787971555555536;0.023199999999996144;859.1447752999433;433.68566696920675;1.9046223265772544;0.09157229490932776;0.031447822138288006;0.12317486547909479;-1.0
180;5a4f50cbebd4d8179239db7c;2018-02-04;0;6;1.0;5230.108990740741;433.511324074074;71.46666666666667;0.8442562666666659;32.20366666666667;738.2200006172837;333.0535617283951;1.6933333333333338;0.06787971555555536;0.025044444444441892;921.8797036376069;427.4332252848806;2.0296650536197;0.09157229490932776;0.03011281470064546;0.1099941682416501;-1.0
181;5a4f50cbebd4d8179239db7c;2018-02-04;0;6;1.0;5193.236212962964;436.93910185185183;71.26666666666667;0.8475746666666659;32.20133333333334;819.3151117283949;345.5394734567901;1.6711111111111108;0.07125342222222207;0.027377777777775236;987.3097780924038;433.5102946202418;2.0667037445691365;0.09583730188092768;0.03148435115761638;0.10536584469951063;-1.0
182;5a4f50cbebd4d8179239db7c;2018-02-04;0;6;1.0;5142.086351851852;423.0206296296295;71.06666666666666;0.8614013333333326;32.199000000000005;896.7377876543212;364.5804271604938;1.6888888888888876;0.07042382222222208;0.02939999999999756;1057.6281721996554;446.34810471895867;2.1803722132942682;0.09074964009098692;0.032626411978958055;0.10523061575219551;-1.0
183;5a4f50cbebd4d8179239db7c;2018-02-04;0;6;1.0;5055.513064814815;399.96687962962955;70.93333333333334;0.8625074666666658;32.19666666666667;948.354135802469;347.0445104938272;1.8;0.06940986666666658;0.03111111111110887;1090.2770948990676;435.3306488943938;2.303420744552931;0.09055067149915075;0.033562431103977025;0.10647493045264945;-1.0
184;5a4f50cbebd4d8179239db7c;2018-02-04;0;6;1.0;4952.194231481481;389.57804629629624;70.83333333333333;0.8641666666666659;32.19433333333334;980.6713623456792;353.5907660493827;1.9;0.06793502222222206;0.03251111111110916;1092.2602269001823;440.19704198382516;2.408080267497876;0.0897503862841877;0.03430927624974941;0.10398282260264809;-1.0
185;5a4f50cbebd4d8179239db7c;2018-02-04;0;6;1.0;4832.168935185185;347.0792685185186;70.73333333333333;0.8694207999999992;32.19200000000001;985.666888888889;336.75315432098773;2.0;0.06338143999999984;0.03359999999999843;1070.6686157948068;430.31921131943363;2.504249262317171;0.08132473286022027;0.03487910153857093;0.10301978563765103;-1.0
186;5a4f50cbebd4d8179239db7c;2018-02-04;0;6;1.0;4745.7541759259275;342.4733796296297;70.63333333333334;0.8743983999999992;32.189666666666675;1004.6639524691358;339.82374691358024;2.1;0.0629389866666665;0.03437777777777669;1078.8752587437423;433.38830720564425;2.5928726358514265;0.08021406439994548;0.03528048530956131;0.10361700678942609;-1.0
187;5a4f50cbebd4d8179239db7c;2018-02-04;0;6;1.0;4677.9290925925925;343.15401851851846;70.63333333333334;0.8766106666666659;32.187333333333335;1029.1945975308645;343.22443209876536;2.1;0.0645244444444443;0.03484444444444439;1096.6582837396018;435.9584789057247;2.5928726358514265;0.08079578906974225;0.03551913843834489;0.10288147304141976;-1.0
188;5a4f50cbebd4d8179239db7c;2018-02-04;0;6;1.0;4609.128500000001;337.2725;70.7;0.8826943999999993;32.18500000000001;1046.8260185185186;349.1791296296296;2.0533333333333332;0.06349205333333321;0.03500000000000014;1112.1147545503252;440.1042811099596;2.575079509987725;0.07881124718333724;0.03559833394009269;0.10251172710845619;-1.0
189;5a4f50cbebd4d8179239db7c;2018-02-04;0;6;1.0;4538.208388888889;317.61205555555546;70.73333333333333;0.8843535999999992;32.18266666666667;1053.200688888889;344.35248148148133;2.017777777777778;0.062054079999999893;0.03484444444444487;1123.4812961508032;432.31736312211325;2.5587353197979685;0.07817632058878175;0.03551913843834489;0.10306584858904178;-1.0
190;5a4f50cbebd4d8179239db7c;2018-02-04;0;6;1.0;4454.128888888889;298.1832222222222;70.76666666666667;0.8843535999999991;32.18033333333334;1038.4944444444448;331.2346592592593;1.9822222222222223;0.062054079999999866;0.03437777777777858;1111.0128394803776;424.8354393096593;2.5418338931232083;0.07817632058878177;0.03528048530956131;0.1028814730414198;-1.0
191;5a4f50cbebd4d8179239db7c;2018-02-04;0;6;1.0;4347.553092592593;265.45390740740737;70.8;0.8871189333333324;32.178000000000004;989.4389493827163;292.4290271604938;1.9466666666666668;0.062459662222222094;0.033600000000001275;1061.0841424750838;404.69723591124705;2.5243640373574188;0.07824712240998809;0.03487910153857093;0.10101921101010157;-1.0
192;5a4f50cbebd4d8179239db7c;2018-02-04;0;6;1.0;4268.1374166666665;257.3998611111111;70.9;0.8887781333333326;32.17566666666667;958.9609555555558;292.51562962962964;1.9133333333333327;0.06091107555555542;0.03251111111111295;1040.955100084703;405.9722649771229;2.5099800796022262;0.07714136664758703;0.03430927624974941;0.10158147441204085;-1.0
193;5a4f50cbebd4d8179239db7c;2018-02-04;0;6;1.0;4198.524138888888;239.44836111111107;70.83333333333333;0.884906666666666;32.17333333333333;930.0758537037035;290.87698703703694;1.9888888888888896;0.06157475555555546;0.03111111111111124;1028.591417052386;409.23097922891327;2.5607559946952803;0.07795541151963337;0.033562431103977025;0.09969493187547274;-1.0
194;5a4f50cbebd4d8179239db7c;2018-02-04;0;6;1.0;4106.658194444444;251.17513888888882;70.73333333333333;0.8824178666666659;32.17100000000001;860.6112037037038;307.5747129629629;2.0844444444444443;0.06282837333333322;0.029400000000003246;978.711067267095;420.81395909369184;2.612085087769372;0.07877761403523871;0.03262641197895807;0.09376998587519608;-1.0
195;5a4f50cbebd4d8179239db7c;2018-02-04;0;6;1.0;4031.472490740741;234.5057314814814;70.63333333333334;0.8763341333333325;32.16866666666667;801.7362092592595;297.64755925925914;2.1666666666666665;0.059251875555555375;0.027377777777778552;949.7956818139551;424.16120803877016;2.658536456766019;0.0753909960322863;0.031484351157616386;0.09089118300549243;-1.0
196;5a4f50cbebd4d8179239db7c;2018-02-04;0;6;1.0;3977.8054351851843;182.89926851851845;70.56666666666666;0.8796525333333326;32.166333333333334;765.4388870370367;229.25999629629624;2.204444444444444;0.05950997333333321;0.025044444444445684;935.4320973791644;360.00191320003654;2.674055854436043;0.0754539276333044;0.030112814700645467;0.09119096114917484;-1.0
197;5a4f50cbebd4d8179239db7c;2018-02-04;0;6;1.0;3964.525824074074;162.870824074074;70.56666666666666;0.8876719999999991;32.164;783.825264197531;216.59503950617278;2.204444444444444;0.056965866666666524;0.022400000000001797;986.6372130769544;401.4253570242015;2.674055854436043;0.06875660296116004;0.02847866715207415;0.08935065447997556;-1.0
198;5a4f50cbebd4d8179239db7c;2018-02-04;0;6;1.0;3917.9409907407403;111.41982407407403;70.56666666666666;0.891543466666666;32.16166666666667;749.7232969135802;139.56107530864202;2.204444444444444;0.055011697777777674;0.01944444444444689;1012.945563401552;226.67748196258455;2.674055854436043;0.06667956065249067;0.026533431525261726;0.08692731671443903;-1.0
199;5a4f50cbebd4d8179239db7c;2018-02-04;0;6;1.0;3819.2977685185183;82.5160092592592;70.56666666666666;0.891543466666666;32.15933333333333;625.8530962962961;104.20703580246915;2.204444444444444;0.055011697777777674;0.016177777777775758;904.1846084377106;178.51366400314103;2.674055854436043;0.06667956065249067;0.024202213254923326;0.0813422402479284;-1.0
200;5a4f50cbebd4d8179239db7c;2018-02-04;0;6;1.0;3685.250462962963;81.53514814814811;70.63333333333334;0.8904373333333325;32.157;429.55782716049384;107.71006049382714;2.275555555555556;0.05383182222222211;0.012599999999998345;648.8378969177315;164.5371697107226;2.7352530404703503;0.06486094674382832;0.02135900036405561;0.08134224024792838;-1.0
201;5a4f50cbebd4d8179239db7c;2018-02-04;0;6;1.0;3583.4871944444444;88.10136111111106;70.86666666666666;0.8948618666666659;32.154666666666664;272.4979907407407;120.30706666666661;2.524444444444444;0.05530666666666653;0.008711111111109915;430.96012351813084;203.44679473031383;3.1264536848765503;0.06625108552694692;0.017759569219172443;0.07987012729900082;-1.0
